<?xml version="1.0" encoding="UTF-8"?>
<epcTagDataTranslation version="0.05" date="2005-12-01T15:20:00Z" epcTDSVersion="1.1r1.27" xmlns:xsi="http://www.w3.org/2001/XMLSchema" xsi:noNamespaceSchemaLocation="EpcTagDataTranslation.xsd">
	<scheme name="GIAI-96" optionKey="companyprefixlength" tagLength="96" >
		<level type="BINARY" prefixMatch="00110100" requiredFormattingParameters="filter,taglength" >
			<option optionKey="12" pattern="00110100([01]{3})000([01]{40})([01]{42})" grammar="'00110100' filter '000' companyprefix indassetref" >
				<field seq="1" decimalMinimum="0" decimalMaximum="7" characterSet="[01]*" bitLength="3" length="1" padChar="0" padDir="LEFT" name="filter"/>
				<field seq="2" decimalMinimum="0" decimalMaximum="999999999999" characterSet="[01]*" bitLength="40" length="12" padChar="0" padDir="LEFT" name="companyprefix"/>
				<field seq="3" decimalMinimum="0" decimalMaximum="999999999999" characterSet="[01]*" bitLength="42"  name="indassetref"/>
			</option>
			<option optionKey="11" pattern="00110100([01]{3})001([01]{37})([01]{45})" grammar="'00110100' filter '001' companyprefix indassetref" >
				<field seq="1" decimalMinimum="0" decimalMaximum="7" characterSet="[01]*" bitLength="3" length="1" padChar="0" padDir="LEFT" name="filter"/>
				<field seq="2" decimalMinimum="0" decimalMaximum="99999999999" characterSet="[01]*" bitLength="37" length="11" padChar="0" padDir="LEFT" name="companyprefix"/>
				<field seq="3" decimalMinimum="0" decimalMaximum="9999999999999" characterSet="[01]*" bitLength="45" length="13" padChar="0" padDir="LEFT" name="indassetref"/>
			</option>
			<option optionKey="10" pattern="00110100([01]{3})010([01]{34})([01]{48})" grammar="'00110100' filter '010' companyprefix indassetref" >
				<field seq="1" decimalMinimum="0" decimalMaximum="7" characterSet="[01]*" bitLength="3" length="1" padChar="0" padDir="LEFT" name="filter"/>
				<field seq="2" decimalMinimum="0" decimalMaximum="9999999999" characterSet="[01]*" bitLength="34" length="10" padChar="0" padDir="LEFT" name="companyprefix"/>
				<field seq="3" decimalMinimum="0" decimalMaximum="99999999999999" characterSet="[01]*" bitLength="48" length="14" padChar="0" padDir="LEFT" name="indassetref"/>
			</option>
			<option optionKey="9" pattern="00110100([01]{3})011([01]{30})([01]{52})" grammar="'00110100' filter '011' companyprefix indassetref" >
				<field seq="1" decimalMinimum="0" decimalMaximum="7" characterSet="[01]*" bitLength="3" length="1" padChar="0" padDir="LEFT" name="filter"/>
				<field seq="2" decimalMinimum="0" decimalMaximum="999999999" characterSet="[01]*" bitLength="30" length="9" padChar="0" padDir="LEFT" name="companyprefix"/>
				<field seq="3" decimalMinimum="0" decimalMaximum="999999999999999" characterSet="[01]*" bitLength="52" name="indassetref"/>
			</option>
			<option optionKey="8" pattern="00110100([01]{3})100([01]{27})([01]{55})" grammar="'00110100' filter '100' companyprefix indassetref" >
				<field seq="1" decimalMinimum="0" decimalMaximum="7" characterSet="[01]*" bitLength="3" length="1" padChar="0" padDir="LEFT" name="filter"/>
				<field seq="2" decimalMinimum="0" decimalMaximum="99999999" characterSet="[01]*" bitLength="27" length="8" padChar="0" padDir="LEFT" name="companyprefix"/>
				<field seq="3" decimalMinimum="0" decimalMaximum="9999999999999999" characterSet="[01]*" bitLength="55" name="indassetref"/>
			</option>
			<option optionKey="7" pattern="00110100([01]{3})101([01]{24})([01]{58})" grammar="'00110100' filter '101' companyprefix indassetref" >
				<field seq="1" decimalMinimum="0" decimalMaximum="7" characterSet="[01]*" bitLength="3" length="1" padChar="0" padDir="LEFT" name="filter"/>
				<field seq="2" decimalMinimum="0" decimalMaximum="9999999" characterSet="[01]*" bitLength="24" length="7" padChar="0" padDir="LEFT" name="companyprefix"/>
				<field seq="3" decimalMinimum="0" decimalMaximum="99999999999999999" characterSet="[01]*" bitLength="58" name="indassetref"/>
			</option>
			<option optionKey="6" pattern="00110100([01]{3})110([01]{20})([01]{62})" grammar="'00110100' filter '110' companyprefix indassetref" >
				<field seq="1" decimalMinimum="0" decimalMaximum="7" characterSet="[01]*" bitLength="3" length="1" padChar="0" padDir="LEFT" name="filter"/>
				<field seq="2" decimalMinimum="0" decimalMaximum="999999" characterSet="[01]*" bitLength="20" length="6" padChar="0" padDir="LEFT" name="companyprefix"/>
				<field seq="3" decimalMinimum="0" decimalMaximum="999999999999999999" characterSet="[01]*" bitLength="62" name="indassetref"/>
			</option>
		</level>
		<level type="TAG_ENCODING" prefixMatch="urn:epc:tag:giai-96" requiredFormattingParameters="filter,taglength" >
			<option optionKey="12" pattern="urn:epc:tag:giai-96:([0-7]{1})\.([0-9]{12})\.([0-9]*)" grammar="'urn:epc:tag:giai-96:' filter '.' companyprefix '.' indassetref" >
				<field seq="1" decimalMinimum="0" decimalMaximum="7" characterSet="[0-7]*" length="1" padChar="0" padDir="LEFT" name="filter"/>
				<field seq="2" decimalMinimum="0" decimalMaximum="999999999999" characterSet="[0-9]*" length="12" padChar="0" padDir="LEFT" name="companyprefix"/>
				<field seq="3" decimalMinimum="0" decimalMaximum="999999999999" characterSet="[0-9]*"  name="indassetref"/>
			</option>
			<option optionKey="11" pattern="urn:epc:tag:giai-96:([0-7]{1})\.([0-9]{11})\.([0-9]*)" grammar="'urn:epc:tag:giai-96:' filter '.' companyprefix '.' indassetref" >
				<field seq="1" decimalMinimum="0" decimalMaximum="7" characterSet="[0-7]*" length="1" padChar="0" padDir="LEFT" name="filter"/>
				<field seq="2" decimalMinimum="0" decimalMaximum="99999999999" characterSet="[0-9]*" length="11" padChar="0" padDir="LEFT" name="companyprefix"/>
				<field seq="3" decimalMinimum="0" decimalMaximum="9999999999999" characterSet="[0-9]*" name="indassetref"/>
			</option>
			<option optionKey="10" pattern="urn:epc:tag:giai-96:([0-7]{1})\.([0-9]{10})\.([0-9]*)" grammar="'urn:epc:tag:giai-96:' filter '.' companyprefix '.' indassetref" >
				<field seq="1" decimalMinimum="0" decimalMaximum="7" characterSet="[0-7]*" length="1" padChar="0" padDir="LEFT" name="filter"/>
				<field seq="2" decimalMinimum="0" decimalMaximum="9999999999" characterSet="[0-9]*" length="10" padChar="0" padDir="LEFT" name="companyprefix"/>
				<field seq="3" decimalMinimum="0" decimalMaximum="99999999999999" characterSet="[0-9]*"  name="indassetref"/>
			</option>
			<option optionKey="9" pattern="urn:epc:tag:giai-96:([0-7]{1})\.([0-9]{9})\.([0-9]*)" grammar="'urn:epc:tag:giai-96:' filter '.' companyprefix '.' indassetref" >
				<field seq="1" decimalMinimum="0" decimalMaximum="7" characterSet="[0-7]*" length="1" padChar="0" padDir="LEFT" name="filter"/>
				<field seq="2" decimalMinimum="0" decimalMaximum="999999999" characterSet="[0-9]*" length="9" padChar="0" padDir="LEFT" name="companyprefix"/>
				<field seq="3" decimalMinimum="0" decimalMaximum="999999999999999" characterSet="[0-9]*"  name="indassetref"/>
			</option>
			<option optionKey="8" pattern="urn:epc:tag:giai-96:([0-7]{1})\.([0-9]{8})\.([0-9]*)" grammar="'urn:epc:tag:giai-96:' filter '.' companyprefix '.' indassetref" >
				<field seq="1" decimalMinimum="0" decimalMaximum="7" characterSet="[0-7]*" length="1" padChar="0" padDir="LEFT" name="filter"/>
				<field seq="2" decimalMinimum="0" decimalMaximum="99999999" characterSet="[0-9]*" length="8" padChar="0" padDir="LEFT" name="companyprefix"/>
				<field seq="3" decimalMinimum="0" decimalMaximum="9999999999999999" characterSet="[0-9]*"  name="indassetref"/>
			</option>
			<option optionKey="7" pattern="urn:epc:tag:giai-96:([0-7]{1})\.([0-9]{7})\.([0-9]*)" grammar="'urn:epc:tag:giai-96:' filter '.' companyprefix '.' indassetref" >
				<field seq="1" decimalMinimum="0" decimalMaximum="7" characterSet="[0-7]*" length="1" padChar="0" padDir="LEFT" name="filter"/>
				<field seq="2" decimalMinimum="0" decimalMaximum="9999999" characterSet="[0-9]*" length="7" padChar="0" padDir="LEFT" name="companyprefix"/>
				<field seq="3" decimalMinimum="0" decimalMaximum="99999999999999999" characterSet="[0-9]*"  name="indassetref"/>
			</option>
			<option optionKey="6" pattern="urn:epc:tag:giai-96:([0-7]{1})\.([0-9]{6})\.([0-9]*)" grammar="'urn:epc:tag:giai-96:' filter '.' companyprefix '.' indassetref" >
				<field seq="1" decimalMinimum="0" decimalMaximum="7" characterSet="[0-7]*" length="1" padChar="0" padDir="LEFT" name="filter"/>
				<field seq="2" decimalMinimum="0" decimalMaximum="999999" characterSet="[0-9]*" length="6" padChar="0" padDir="LEFT" name="companyprefix"/>
				<field seq="3" decimalMinimum="0" decimalMaximum="999999999999999999" characterSet="[0-9]*"  name="indassetref"/>
			</option>
		</level>
		<level type="PURE_IDENTITY" prefixMatch="urn:epc:id:giai" >
			<option optionKey="12" pattern="urn:epc:id:giai:([0-9]{12})\.([0-9]*)" grammar="'urn:epc:id:giai:' companyprefix '.' indassetref" >
				<field seq="1" decimalMinimum="0" decimalMaximum="999999999999" characterSet="[0-9]*" length="12" padChar="0" padDir="LEFT" name="companyprefix"/>
				<field seq="2" decimalMinimum="0" decimalMaximum="999999999999" characterSet="[0-9]*"  name="indassetref"/>
			</option>
			<option optionKey="11" pattern="urn:epc:id:giai:([0-9]{11})\.([0-9]*)" grammar="'urn:epc:id:giai:' companyprefix '.' indassetref" >
				<field seq="1" decimalMinimum="0" decimalMaximum="99999999999" characterSet="[0-9]*" length="11" padChar="0" padDir="LEFT" name="companyprefix"/>
				<field seq="2" decimalMinimum="0" decimalMaximum="9999999999999" characterSet="[0-9]*"  name="indassetref"/>
			</option>
			<option optionKey="10" pattern="urn:epc:id:giai:([0-9]{10})\.([0-9]*)" grammar="'urn:epc:id:giai:' companyprefix '.' indassetref" >
				<field seq="1" decimalMinimum="0" decimalMaximum="9999999999" characterSet="[0-9]*" length="10" padChar="0" padDir="LEFT" name="companyprefix"/>
				<field seq="2" decimalMinimum="0" decimalMaximum="99999999999999" characterSet="[0-9]*"  name="indassetref"/>
			</option>
			<option optionKey="9" pattern="urn:epc:id:giai:([0-9]{9})\.([0-9]*)" grammar="'urn:epc:id:giai:' companyprefix '.' indassetref" >
				<field seq="1" decimalMinimum="0" decimalMaximum="999999999" characterSet="[0-9]*" length="9" padChar="0" padDir="LEFT" name="companyprefix"/>
				<field seq="2" decimalMinimum="0" decimalMaximum="999999999999999" characterSet="[0-9]*"  name="indassetref"/>
			</option>
			<option optionKey="8" pattern="urn:epc:id:giai:([0-9]{8})\.([0-9]*)" grammar="'urn:epc:id:giai:' companyprefix '.' indassetref" >
				<field seq="1" decimalMinimum="0" decimalMaximum="99999999" characterSet="[0-9]*" length="8" padChar="0" padDir="LEFT" name="companyprefix"/>
				<field seq="2" decimalMinimum="0" decimalMaximum="9999999999999999" characterSet="[0-9]*"  name="indassetref"/>
			</option>
			<option optionKey="7" pattern="urn:epc:id:giai:([0-9]{7})\.([0-9]*)" grammar="'urn:epc:id:giai:' companyprefix '.' indassetref" >
				<field seq="1" decimalMinimum="0" decimalMaximum="9999999" characterSet="[0-9]*" length="7" padChar="0" padDir="LEFT" name="companyprefix"/>
				<field seq="2" decimalMinimum="0" decimalMaximum="99999999999999999" characterSet="[0-9]*"  name="indassetref"/>
			</option>
			<option optionKey="6" pattern="urn:epc:id:giai:([0-9]{6})\.([0-9]*)" grammar="'urn:epc:id:giai:' companyprefix '.' indassetref" >
				<field seq="1" decimalMinimum="0" decimalMaximum="999999" characterSet="[0-9]*" length="6" padChar="0" padDir="LEFT" name="companyprefix"/>
				<field seq="2" decimalMinimum="0" decimalMaximum="999999999999999999" characterSet="[0-9]*"  name="indassetref"/>
			</option>
		</level>
		<level type="LEGACY" prefixMatch="giai=" requiredParsingParameters="companyprefixlength" >
			<option optionKey="12" pattern="giai=([0-9]{13,30})" grammar="'giai=' companyprefix indassetref" >
				<field seq="1" decimalMinimum="0" decimalMaximum="999999999999999999999999999999" characterSet="[0-9]*" name="giai"/>
			</option>
			<option optionKey="11" pattern="giai=([0-9]{12,30})" grammar="'giai=' companyprefix indassetref" >
				<field seq="1" decimalMinimum="0" decimalMaximum="999999999999999999999999999999" characterSet="[0-9]*" name="giai"/>
			</option>
			<option optionKey="10" pattern="giai=([0-9]{11,30})" grammar="'giai=' companyprefix indassetref" >
				<field seq="1" decimalMinimum="0" decimalMaximum="999999999999999999999999999999" characterSet="[0-9]*" name="giai"/>
			</option>
			<option optionKey="9" pattern="giai=([0-9]{10,30})" grammar="'giai=' companyprefix indassetref" >
				<field seq="1" decimalMinimum="0" decimalMaximum="999999999999999999999999999999" characterSet="[0-9]*" name="giai"/>
			</option>
			<option optionKey="8" pattern="giai=([0-9]{9,30})" grammar="'giai=' companyprefix indassetref" >
				<field seq="1" decimalMinimum="0" decimalMaximum="999999999999999999999999999999" characterSet="[0-9]*" name="giai"/>
			</option>
			<option optionKey="7" pattern="giai=([0-9]{8,30})" grammar="'giai=' companyprefix indassetref" >
				<field seq="1" decimalMinimum="0" decimalMaximum="999999999999999999999999999999" characterSet="[0-9]*" name="giai"/>
			</option>
			<option optionKey="6" pattern="giai=([0-9]{7,30})" grammar="'giai=' companyprefix indassetref" >
				<field seq="1" decimalMinimum="0" decimalMaximum="999999999999999999999999999999" characterSet="[0-9]*" name="giai"/>
			</option>
			<rule type="EXTRACT" inputFormat="STRING" seq="1" newFieldName="indassetref" characterSet="[0-9]*" function="SUBSTR(giai,companyprefixlength)"/>
			<rule type="EXTRACT" inputFormat="STRING" seq="2" newFieldName="companyprefix" characterSet="[0-9]*" function="SUBSTR(giai,0,companyprefixlength)"/>
		</level>
	</scheme>
</epcTagDataTranslation>
