<?xml version="1.0" encoding="UTF-8"?>
<tdt:epcTagDataTranslation version="0.06" date="2005-12-01T15:30:00Z" epcTDSVersion="1.1r1.27" xmlns:tdt="urn:epcglobal:tdt:xsd:1" xmlns:xsi="http://www.w3.org/2001/XMLSchema-instance" xsi:schemaLocation="urn:epcglobal:tdt:xsd:1 EpcTagDataTranslation.xsd">
	<scheme name="GID-96" optionKey="1" tagLength="96" >
		<level type="BINARY" prefixMatch="00110101" requiredFormattingParameters="taglength" >
			<option optionKey="1" pattern="00110101([01]{28})([01]{24})([01]{36})" grammar="'00110101' generalmanager objectclass serial" >
				<field seq="1" decimalMinimum="0" decimalMaximum="268435455" characterSet="[01]*" bitLength="28" name="generalmanager"/>
				<field seq="2" decimalMinimum="0" decimalMaximum="16777215" characterSet="[01]*" bitLength="24" name="objectclass"/>
				<field seq="3" decimalMinimum="0" decimalMaximum="68719476735" characterSet="[01]*" bitLength="36" name="serial"/>
			</option>
		</level>
		<level type="TAG_ENCODING" prefixMatch="urn:epc:tag:gid-96" requiredFormattingParameters="taglength" >
			<option optionKey="1" pattern="urn:epc:tag:gid-96:([0-9]*)\.([0-9]*)\.([0-9]*)" grammar="'urn:epc:tag:gid-96:' generalmanager '.' objectclass '.' serial" >
				<field seq="1" decimalMinimum="0" decimalMaximum="268435455" characterSet="[0-9]*" name="generalmanager"/>
				<field seq="2" decimalMinimum="0" decimalMaximum="16777215" characterSet="[0-9]*" name="objectclass"/>
				<field seq="3" decimalMinimum="0" decimalMaximum="68719476735" characterSet="[0-9]*" name="serial"/>
			</option>
		</level>
		<level type="PURE_IDENTITY" prefixMatch="urn:epc:id:gid" >
			<option optionKey="1" pattern="urn:epc:id:gid:([0-9]*)\.([0-9]*)\.([0-9]*)" grammar="'urn:epc:id:gid:' generalmanager '.' objectclass '.' serial" >
				<field seq="1" decimalMinimum="0" decimalMaximum="268435455" characterSet="[0-9]*" name="generalmanager"/>
				<field seq="2" decimalMinimum="0" decimalMaximum="16777215" characterSet="[0-9]*" name="objectclass"/>
				<field seq="3" decimalMinimum="0" decimalMaximum="68719476735" characterSet="[0-9]*" name="serial"/>
			</option>
		</level>
		<level type="LEGACY" prefixMatch="generalmanager=" >
			<option optionKey="1" pattern="generalmanager=([0-9]*);objectclass=([0-9]*);serial=([0-9]*)" grammar="'generalmanager=' generalmanager ';objectclass=' objectclass ';serial=' serial" >
				<field seq="1" decimalMinimum="0" decimalMaximum="268435455" characterSet="[0-9]*" name="generalmanager"/>
				<field seq="2" decimalMinimum="0" decimalMaximum="16777215" characterSet="[0-9]*" name="objectclass"/>
				<field seq="3" decimalMinimum="0" decimalMaximum="68719476735" characterSet="[0-9]*" name="serial"/>
			</option>
		</level>
	</scheme>
</tdt:epcTagDataTranslation>
