<?xml version="1.0" encoding="UTF-8"?>
<epcTagDataTranslation version="0.05" date="2005-12-01T15:20:00Z" epcTDSVersion="1.1r1.27" xmlns:xsi="http://www.w3.org/2001/XMLSchema" xsi:noNamespaceSchemaLocation="EpcTagDataTranslation.xsd">
	<scheme name="GRAI-64" optionKey="companyprefixlength" tagLength="64" >
		<level type="BINARY" prefixMatch="00001010" requiredFormattingParameters="filter,taglength" >
			<option optionKey="12" pattern="00001010([01]{3})([01]{14})([01]{20})([01]{19})" grammar="'00001010' filter companyprefixindex assettype serial" >
				<field seq="1" decimalMinimum="0" decimalMaximum="7" characterSet="[01]*" bitLength="3" length="1" padChar="0" padDir="LEFT" name="filter"/>
				<field seq="2" decimalMinimum="0" decimalMaximum="16383" characterSet="[01]*" bitLength="14" name="companyprefixindex"/>
				<field seq="3" characterSet="[01]*" bitLength="20" length="0" padChar="0" padDir="LEFT" name="assettype"/>
				<field seq="4" decimalMinimum="0" decimalMaximum="524287" characterSet="[01]*" bitLength="19" name="serial"/>
			</option>
			<option optionKey="11" pattern="00001010([01]{3})([01]{14})([01]{20})([01]{19})" grammar="'00001010' filter companyprefixindex assettype serial" >
				<field seq="1" decimalMinimum="0" decimalMaximum="7" characterSet="[01]*" bitLength="3" length="1" padChar="0" padDir="LEFT" name="filter"/>
				<field seq="2" decimalMinimum="0" decimalMaximum="16383" characterSet="[01]*" bitLength="14" name="companyprefixindex"/>
				<field seq="3" decimalMinimum="0" decimalMaximum="9" characterSet="[01]*" bitLength="20" length="1" padChar="0" padDir="LEFT" name="assettype"/>
				<field seq="4" decimalMinimum="0" decimalMaximum="524287" characterSet="[01]*" bitLength="19" name="serial"/>
			</option>
			<option optionKey="10" pattern="00001010([01]{3})([01]{14})([01]{20})([01]{19})" grammar="'00001010' filter companyprefixindex assettype serial" >
				<field seq="1" decimalMinimum="0" decimalMaximum="7" characterSet="[01]*" bitLength="3" length="1" padChar="0" padDir="LEFT" name="filter"/>
				<field seq="2" decimalMinimum="0" decimalMaximum="16383" characterSet="[01]*" bitLength="14" name="companyprefixindex"/>
				<field seq="3" decimalMinimum="0" decimalMaximum="99" characterSet="[01]*" bitLength="20" length="2" padChar="0" padDir="LEFT" name="assettype"/>
				<field seq="4" decimalMinimum="0" decimalMaximum="524287" characterSet="[01]*" bitLength="19" name="serial"/>
			</option>
			<option optionKey="9" pattern="00001010([01]{3})([01]{14})([01]{20})([01]{19})" grammar="'00001010' filter companyprefixindex assettype serial" >
				<field seq="1" decimalMinimum="0" decimalMaximum="7" characterSet="[01]*" bitLength="3" length="1" padChar="0" padDir="LEFT" name="filter"/>
				<field seq="2" decimalMinimum="0" decimalMaximum="16383" characterSet="[01]*" bitLength="14" name="companyprefixindex"/>
				<field seq="3" decimalMinimum="0" decimalMaximum="999" characterSet="[01]*" bitLength="20" length="3" padChar="0" padDir="LEFT" name="assettype"/>
				<field seq="4" decimalMinimum="0" decimalMaximum="524287" characterSet="[01]*" bitLength="19" name="serial"/>
			</option>
			<option optionKey="8" pattern="00001010([01]{3})([01]{14})([01]{20})([01]{19})" grammar="'00001010' filter companyprefixindex assettype serial" >
				<field seq="1" decimalMinimum="0" decimalMaximum="7" characterSet="[01]*" bitLength="3" length="1" padChar="0" padDir="LEFT" name="filter"/>
				<field seq="2" decimalMinimum="0" decimalMaximum="16383" characterSet="[01]*" bitLength="14" name="companyprefixindex"/>
				<field seq="3" decimalMinimum="0" decimalMaximum="9999" characterSet="[01]*" bitLength="20" length="4" padChar="0" padDir="LEFT" name="assettype"/>
				<field seq="4" decimalMinimum="0" decimalMaximum="524287" characterSet="[01]*" bitLength="19" name="serial"/>
			</option>
			<option optionKey="7" pattern="00001010([01]{3})([01]{14})([01]{20})([01]{19})" grammar="'00001010' filter companyprefixindex assettype serial" >
				<field seq="1" decimalMinimum="0" decimalMaximum="7" characterSet="[01]*" bitLength="3" length="1" padChar="0" padDir="LEFT" name="filter"/>
				<field seq="2" decimalMinimum="0" decimalMaximum="16383" characterSet="[01]*" bitLength="14" name="companyprefixindex"/>
				<field seq="3" decimalMinimum="0" decimalMaximum="99999" characterSet="[01]*" bitLength="20" length="5" padChar="0" padDir="LEFT" name="assettype"/>
				<field seq="4" decimalMinimum="0" decimalMaximum="524287" characterSet="[01]*" bitLength="19" name="serial"/>
			</option>
			<option optionKey="6" pattern="00001010([01]{3})([01]{14})([01]{20})([01]{19})" grammar="'00001010' filter companyprefixindex assettype serial" >
				<field seq="1" decimalMinimum="0" decimalMaximum="7" characterSet="[01]*" bitLength="3" length="1" padChar="0" padDir="LEFT" name="filter"/>
				<field seq="2" decimalMinimum="0" decimalMaximum="16383" characterSet="[01]*" bitLength="14" name="companyprefixindex"/>
				<field seq="3" decimalMinimum="0" decimalMaximum="999999" characterSet="[01]*" bitLength="20" length="6" padChar="0" padDir="LEFT" name="assettype"/>
				<field seq="4" decimalMinimum="0" decimalMaximum="524287" characterSet="[01]*" bitLength="19" name="serial"/>
			</option>
			<rule type="EXTRACT" inputFormat="STRING" seq="1" newFieldName="companyprefix" characterSet="[0-9]*" function="TABLELOOKUP(companyprefixindex,tdt64bitcpi,companyprefixindex,companyprefix)" tableURI="http://www.onsepc.com/ManagerTranslation.xml" tableXPath="/GEPC64Table/entry[@index='$1']/@companyPrefix" tableParams="companyprefixindex"/>
			<rule type="EXTRACT" inputFormat="STRING" seq="2" newFieldName="companyprefixlength" characterSet="[0-9]*" function="LENGTH(companyprefix)"/>
			<rule type="FORMAT" inputFormat="STRING" seq="1" newFieldName="companyprefixindex" characterSet="[0-9]*" function="TABLELOOKUP(companyprefix,tdt64bitcpi,companyprefix,companyprefixindex)" tableURI="http://www.onsepc.com/ManagerTranslation.xml" tableXPath="/GEPC64Table/entry[@companyPrefix='$1']/@index" tableParams="companyprefix"/>
		</level>
		<level type="TAG_ENCODING" prefixMatch="urn:epc:tag:grai-64" requiredFormattingParameters="filter,taglength" >
			<option optionKey="12" pattern="urn:epc:tag:grai-64:([0-7]{1})\.([0-9]{12})\.([0-9]{0})\.([0-9]*)" grammar="'urn:epc:tag:grai-64:' filter '.' companyprefix '.' assettype '.' serial" >
				<field seq="1" decimalMinimum="0" decimalMaximum="7" characterSet="[0-7]*" length="1" padChar="0" padDir="LEFT" name="filter"/>
				<field seq="2" decimalMinimum="0" decimalMaximum="999999999999" characterSet="[0-9]*" length="12" padChar="0" padDir="LEFT" name="companyprefix"/>
				<field seq="3" characterSet="[0-9]*" length="0" padChar="0" padDir="LEFT" name="assettype"/>
				<field seq="4" decimalMinimum="0" decimalMaximum="524287" characterSet="[0-9]*" name="serial"/>
			</option>
			<option optionKey="11" pattern="urn:epc:tag:grai-64:([0-7]{1})\.([0-9]{11})\.([0-9]{1})\.([0-9]*)" grammar="'urn:epc:tag:grai-64:' filter '.' companyprefix '.' assettype '.' serial" >
				<field seq="1" decimalMinimum="0" decimalMaximum="7" characterSet="[0-7]*" length="1" padChar="0" padDir="LEFT" name="filter"/>
				<field seq="2" decimalMinimum="0" decimalMaximum="99999999999" characterSet="[0-9]*" length="11" padChar="0" padDir="LEFT" name="companyprefix"/>
				<field seq="3" decimalMinimum="0" decimalMaximum="9" characterSet="[0-9]*" length="1" padChar="0" padDir="LEFT" name="assettype"/>
				<field seq="4" decimalMinimum="0" decimalMaximum="524287" characterSet="[0-9]*" name="serial"/>
			</option>
			<option optionKey="10" pattern="urn:epc:tag:grai-64:([0-7]{1})\.([0-9]{10})\.([0-9]{2})\.([0-9]*)" grammar="'urn:epc:tag:grai-64:' filter '.' companyprefix '.' assettype '.' serial" >
				<field seq="1" decimalMinimum="0" decimalMaximum="7" characterSet="[0-7]*" length="1" padChar="0" padDir="LEFT" name="filter"/>
				<field seq="2" decimalMinimum="0" decimalMaximum="9999999999" characterSet="[0-9]*" length="10" padChar="0" padDir="LEFT" name="companyprefix"/>
				<field seq="3" decimalMinimum="0" decimalMaximum="99" characterSet="[0-9]*" length="2" padChar="0" padDir="LEFT" name="assettype"/>
				<field seq="4" decimalMinimum="0" decimalMaximum="524287" characterSet="[0-9]*" name="serial"/>
			</option>
			<option optionKey="9" pattern="urn:epc:tag:grai-64:([0-7]{1})\.([0-9]{9})\.([0-9]{3})\.([0-9]*)" grammar="'urn:epc:tag:grai-64:' filter '.' companyprefix '.' assettype '.' serial" >
				<field seq="1" decimalMinimum="0" decimalMaximum="7" characterSet="[0-7]*" length="1" padChar="0" padDir="LEFT" name="filter"/>
				<field seq="2" decimalMinimum="0" decimalMaximum="999999999" characterSet="[0-9]*" length="9" padChar="0" padDir="LEFT" name="companyprefix"/>
				<field seq="3" decimalMinimum="0" decimalMaximum="999" characterSet="[0-9]*" length="3" padChar="0" padDir="LEFT" name="assettype"/>
				<field seq="4" decimalMinimum="0" decimalMaximum="524287" characterSet="[0-9]*" name="serial"/>
			</option>
			<option optionKey="8" pattern="urn:epc:tag:grai-64:([0-7]{1})\.([0-9]{8})\.([0-9]{4})\.([0-9]*)" grammar="'urn:epc:tag:grai-64:' filter '.' companyprefix '.' assettype '.' serial" >
				<field seq="1" decimalMinimum="0" decimalMaximum="7" characterSet="[0-7]*" length="1" padChar="0" padDir="LEFT" name="filter"/>
				<field seq="2" decimalMinimum="0" decimalMaximum="99999999" characterSet="[0-9]*" length="8" padChar="0" padDir="LEFT" name="companyprefix"/>
				<field seq="3" decimalMinimum="0" decimalMaximum="9999" characterSet="[0-9]*" length="4" padChar="0" padDir="LEFT" name="assettype"/>
				<field seq="4" decimalMinimum="0" decimalMaximum="524287" characterSet="[0-9]*" name="serial"/>
			</option>
			<option optionKey="7" pattern="urn:epc:tag:grai-64:([0-7]{1})\.([0-9]{7})\.([0-9]{5})\.([0-9]*)" grammar="'urn:epc:tag:grai-64:' filter '.' companyprefix '.' assettype '.' serial" >
				<field seq="1" decimalMinimum="0" decimalMaximum="7" characterSet="[0-7]*" length="1" padChar="0" padDir="LEFT" name="filter"/>
				<field seq="2" decimalMinimum="0" decimalMaximum="9999999" characterSet="[0-9]*" length="7" padChar="0" padDir="LEFT" name="companyprefix"/>
				<field seq="3" decimalMinimum="0" decimalMaximum="99999" characterSet="[0-9]*" length="5" padChar="0" padDir="LEFT" name="assettype"/>
				<field seq="4" decimalMinimum="0" decimalMaximum="524287" characterSet="[0-9]*" name="serial"/>
			</option>
			<option optionKey="6" pattern="urn:epc:tag:grai-64:([0-7]{1})\.([0-9]{6})\.([0-9]{6})\.([0-9]*)" grammar="'urn:epc:tag:grai-64:' filter '.' companyprefix '.' assettype '.' serial" >
				<field seq="1" decimalMinimum="0" decimalMaximum="7" characterSet="[0-7]*" length="1" padChar="0" padDir="LEFT" name="filter"/>
				<field seq="2" decimalMinimum="0" decimalMaximum="999999" characterSet="[0-9]*" length="6" padChar="0" padDir="LEFT" name="companyprefix"/>
				<field seq="3" decimalMinimum="0" decimalMaximum="999999" characterSet="[0-9]*" length="6" padChar="0" padDir="LEFT" name="assettype"/>
				<field seq="4" decimalMinimum="0" decimalMaximum="524287" characterSet="[0-9]*" name="serial"/>
			</option>
		</level>
		<level type="PURE_IDENTITY" prefixMatch="urn:epc:id:grai" >
			<option optionKey="12" pattern="urn:epc:id:grai:([0-9]{12})\.([0-9]{0})\.([0-9]*)" grammar="'urn:epc:id:grai:' companyprefix '.' assettype '.' serial" >
				<field seq="1" decimalMinimum="0" decimalMaximum="999999999999" characterSet="[0-9]*" length="12" padChar="0" padDir="LEFT" name="companyprefix"/>
				<field seq="2" characterSet="[0-9]*" length="0" padChar="0" padDir="LEFT" name="assettype"/>
				<field seq="3" decimalMinimum="0" decimalMaximum="524287" characterSet="[0-9]*" name="serial"/>
			</option>
			<option optionKey="11" pattern="urn:epc:id:grai:([0-9]{11})\.([0-9]{1})\.([0-9]*)" grammar="'urn:epc:id:grai:' companyprefix '.' assettype '.' serial" >
				<field seq="1" decimalMinimum="0" decimalMaximum="99999999999" characterSet="[0-9]*" length="11" padChar="0" padDir="LEFT" name="companyprefix"/>
				<field seq="2" decimalMinimum="0" decimalMaximum="9" characterSet="[0-9]*" length="1" padChar="0" padDir="LEFT" name="assettype"/>
				<field seq="3" decimalMinimum="0" decimalMaximum="524287" characterSet="[0-9]*" name="serial"/>
			</option>
			<option optionKey="10" pattern="urn:epc:id:grai:([0-9]{10})\.([0-9]{2})\.([0-9]*)" grammar="'urn:epc:id:grai:' companyprefix '.' assettype '.' serial" >
				<field seq="1" decimalMinimum="0" decimalMaximum="9999999999" characterSet="[0-9]*" length="10" padChar="0" padDir="LEFT" name="companyprefix"/>
				<field seq="2" decimalMinimum="0" decimalMaximum="99" characterSet="[0-9]*" length="2" padChar="0" padDir="LEFT" name="assettype"/>
				<field seq="3" decimalMinimum="0" decimalMaximum="524287" characterSet="[0-9]*" name="serial"/>
			</option>
			<option optionKey="9" pattern="urn:epc:id:grai:([0-9]{9})\.([0-9]{3})\.([0-9]*)" grammar="'urn:epc:id:grai:' companyprefix '.' assettype '.' serial" >
				<field seq="1" decimalMinimum="0" decimalMaximum="999999999" characterSet="[0-9]*" length="9" padChar="0" padDir="LEFT" name="companyprefix"/>
				<field seq="2" decimalMinimum="0" decimalMaximum="999" characterSet="[0-9]*" length="3" padChar="0" padDir="LEFT" name="assettype"/>
				<field seq="3" decimalMinimum="0" decimalMaximum="524287" characterSet="[0-9]*" name="serial"/>
			</option>
			<option optionKey="8" pattern="urn:epc:id:grai:([0-9]{8})\.([0-9]{4})\.([0-9]*)" grammar="'urn:epc:id:grai:' companyprefix '.' assettype '.' serial" >
				<field seq="1" decimalMinimum="0" decimalMaximum="99999999" characterSet="[0-9]*" length="8" padChar="0" padDir="LEFT" name="companyprefix"/>
				<field seq="2" decimalMinimum="0" decimalMaximum="9999" characterSet="[0-9]*" length="4" padChar="0" padDir="LEFT" name="assettype"/>
				<field seq="3" decimalMinimum="0" decimalMaximum="524287" characterSet="[0-9]*" name="serial"/>
			</option>
			<option optionKey="7" pattern="urn:epc:id:grai:([0-9]{7})\.([0-9]{5})\.([0-9]*)" grammar="'urn:epc:id:grai:' companyprefix '.' assettype '.' serial" >
				<field seq="1" decimalMinimum="0" decimalMaximum="9999999" characterSet="[0-9]*" length="7" padChar="0" padDir="LEFT" name="companyprefix"/>
				<field seq="2" decimalMinimum="0" decimalMaximum="99999" characterSet="[0-9]*" length="5" padChar="0" padDir="LEFT" name="assettype"/>
				<field seq="3" decimalMinimum="0" decimalMaximum="524287" characterSet="[0-9]*" name="serial"/>
			</option>
			<option optionKey="6" pattern="urn:epc:id:grai:([0-9]{6})\.([0-9]{6})\.([0-9]*)" grammar="'urn:epc:id:grai:' companyprefix '.' assettype '.' serial" >
				<field seq="1" decimalMinimum="0" decimalMaximum="999999" characterSet="[0-9]*" length="6" padChar="0" padDir="LEFT" name="companyprefix"/>
				<field seq="2" decimalMinimum="0" decimalMaximum="999999" characterSet="[0-9]*" length="6" padChar="0" padDir="LEFT" name="assettype"/>
				<field seq="3" decimalMinimum="0" decimalMaximum="524287" characterSet="[0-9]*" name="serial"/>
			</option>
		</level>
		<level type="LEGACY" prefixMatch="grai=" requiredParsingParameters="companyprefixlength" >
			<option optionKey="12" pattern="grai=([0-9]{15,30})" grammar="'grai=' '0' companyprefix assettype checkdigit serial" >
				<field seq="1" decimalMinimum="0" decimalMaximum="999999999999999999999999999999999999999" characterSet="[0-9]*" name="grai"/>
			</option>
			<option optionKey="11" pattern="grai=([0-9]{15,30})" grammar="'grai=' '0' companyprefix assettype checkdigit serial" >
				<field seq="1" decimalMinimum="0" decimalMaximum="999999999999999999999999999999999999999" characterSet="[0-9]*" name="grai"/>
			</option>
			<option optionKey="10" pattern="grai=([0-9]{15,30})" grammar="'grai=' '0' companyprefix assettype checkdigit serial" >
				<field seq="1" decimalMinimum="0" decimalMaximum="999999999999999999999999999999999999999" characterSet="[0-9]*" name="grai"/>
			</option>
			<option optionKey="9" pattern="grai=([0-9]{15,30})" grammar="'grai=' '0' companyprefix assettype checkdigit serial" >
				<field seq="1" decimalMinimum="0" decimalMaximum="999999999999999999999999999999999999999" characterSet="[0-9]*" name="grai"/>
			</option>
			<option optionKey="8" pattern="grai=([0-9]{15,30})" grammar="'grai=' '0' companyprefix assettype checkdigit serial" >
				<field seq="1" decimalMinimum="0" decimalMaximum="999999999999999999999999999999999999999" characterSet="[0-9]*" name="grai"/>
			</option>
			<option optionKey="7" pattern="grai=([0-9]{15,30})" grammar="'grai=' '0' companyprefix assettype checkdigit serial" >
				<field seq="1" decimalMinimum="0" decimalMaximum="999999999999999999999999999999999999999" characterSet="[0-9]*" name="grai"/>
			</option>
			<option optionKey="6" pattern="grai=([0-9]{15,30})" grammar="'grai=' '0' companyprefix assettype checkdigit serial" >
				<field seq="1" decimalMinimum="0" decimalMaximum="999999999999999999999999999999999999999" characterSet="[0-9]*" name="grai"/>
			</option>
			<rule type="EXTRACT" inputFormat="STRING" seq="1" newFieldName="graiprefixremainder" characterSet="[0-9]*" length="12" function="SUBSTR(grai,1,12)"/>
			<rule type="EXTRACT" inputFormat="STRING" seq="2" newFieldName="assettype" characterSet="[0-9]*" function="SUBSTR(graiprefixremainder,companyprefixlength)"/>
			<rule type="EXTRACT" inputFormat="STRING" seq="3" newFieldName="serial" characterSet="[0-9]*" function="SUBSTR(grai,14)"/>
			<rule type="EXTRACT" inputFormat="STRING" seq="4" newFieldName="companyprefix" characterSet="[0-9]*" function="SUBSTR(graiprefixremainder,0,companyprefixlength)"/>
			<rule type="FORMAT" inputFormat="STRING" seq="1" newFieldName="graiprefix" characterSet="[0-9]*" length="13" function="CONCAT(0,companyprefix,assettype)"/>
			<rule type="FORMAT" inputFormat="STRING" seq="2" newFieldName="checkdigit" characterSet="[0-9]*" length="1" function="GS1CHECKSUM(graiprefix)"/>
		</level>
	</scheme>
</epcTagDataTranslation>
