<?xml version="1.0" encoding="UTF-8"?>
<tdt:epcTagDataTranslation version="0.07" date="2005-12-05T15:58:00Z" epcTDSVersion="1.1r1.27" xmlns:tdt="urn:epcglobal:tdt:xsd:1" xmlns:xsi="http://www.w3.org/2001/XMLSchema-instance" xsi:schemaLocation="urn:epcglobal:tdt:xsd:1 EpcTagDataTranslation.xsd">
	<scheme name="SGTIN-96" optionKey="companyprefixlength" tagLength="96" >
		<level type="BINARY" prefixMatch="00110000" requiredFormattingParameters="filter,taglength" >
			<option optionKey="12" pattern="00110000([01]{3})000([01]{40})([01]{4})([01]{38})" grammar="'00110000' filter '000' companyprefix itemref serial" >
				<field seq="1" decimalMinimum="0" decimalMaximum="7" characterSet="[01]*" bitLength="3" length="1" padChar="0" padDir="LEFT" name="filter"/>
				<field seq="2" decimalMinimum="0" decimalMaximum="999999999999" characterSet="[01]*" bitLength="40" length="12" padChar="0" padDir="LEFT" name="companyprefix"/>
				<field seq="3" decimalMinimum="0" decimalMaximum="9" characterSet="[01]*" bitLength="4" length="1" padChar="0" padDir="LEFT" name="itemref"/>
				<field seq="4" decimalMinimum="0" decimalMaximum="274877906943" characterSet="[01]*" bitLength="38" name="serial"/>
			</option>
			<option optionKey="11" pattern="00110000([01]{3})001([01]{37})([01]{7})([01]{38})" grammar="'00110000' filter '001' companyprefix itemref serial" >
				<field seq="1" decimalMinimum="0" decimalMaximum="7" characterSet="[01]*" bitLength="3" length="1" padChar="0" padDir="LEFT" name="filter"/>
				<field seq="2" decimalMinimum="0" decimalMaximum="99999999999" characterSet="[01]*" bitLength="37" length="11" padChar="0" padDir="LEFT" name="companyprefix"/>
				<field seq="3" decimalMinimum="0" decimalMaximum="99" characterSet="[01]*" bitLength="7" length="2" padChar="0" padDir="LEFT" name="itemref"/>
				<field seq="4" decimalMinimum="0" decimalMaximum="274877906943" characterSet="[01]*" bitLength="38" name="serial"/>
			</option>
			<option optionKey="10" pattern="00110000([01]{3})010([01]{34})([01]{10})([01]{38})" grammar="'00110000' filter '010' companyprefix itemref serial" >
				<field seq="1" decimalMinimum="0" decimalMaximum="7" characterSet="[01]*" bitLength="3" length="1" padChar="0" padDir="LEFT" name="filter"/>
				<field seq="2" decimalMinimum="0" decimalMaximum="9999999999" characterSet="[01]*" bitLength="34" length="10" padChar="0" padDir="LEFT" name="companyprefix"/>
				<field seq="3" decimalMinimum="0" decimalMaximum="999" characterSet="[01]*" bitLength="10" length="3" padChar="0" padDir="LEFT" name="itemref"/>
				<field seq="4" decimalMinimum="0" decimalMaximum="274877906943" characterSet="[01]*" bitLength="38" name="serial"/>
			</option>
			<option optionKey="9" pattern="00110000([01]{3})011([01]{30})([01]{14})([01]{38})" grammar="'00110000' filter '011' companyprefix itemref serial" >
				<field seq="1" decimalMinimum="0" decimalMaximum="7" characterSet="[01]*" bitLength="3" length="1" padChar="0" padDir="LEFT" name="filter"/>
				<field seq="2" decimalMinimum="0" decimalMaximum="999999999" characterSet="[01]*" bitLength="30" length="9" padChar="0" padDir="LEFT" name="companyprefix"/>
				<field seq="3" decimalMinimum="0" decimalMaximum="9999" characterSet="[01]*" bitLength="14" length="4" padChar="0" padDir="LEFT" name="itemref"/>
				<field seq="4" decimalMinimum="0" decimalMaximum="274877906943" characterSet="[01]*" bitLength="38" name="serial"/>
			</option>
			<option optionKey="8" pattern="00110000([01]{3})100([01]{27})([01]{17})([01]{38})" grammar="'00110000' filter '100' companyprefix itemref serial" >
				<field seq="1" decimalMinimum="0" decimalMaximum="7" characterSet="[01]*" bitLength="3" length="1" padChar="0" padDir="LEFT" name="filter"/>
				<field seq="2" decimalMinimum="0" decimalMaximum="99999999" characterSet="[01]*" bitLength="27" length="8" padChar="0" padDir="LEFT" name="companyprefix"/>
				<field seq="3" decimalMinimum="0" decimalMaximum="99999" characterSet="[01]*" bitLength="17" length="5" padChar="0" padDir="LEFT" name="itemref"/>
				<field seq="4" decimalMinimum="0" decimalMaximum="274877906943" characterSet="[01]*" bitLength="38" name="serial"/>
			</option>
			<option optionKey="7" pattern="00110000([01]{3})101([01]{24})([01]{20})([01]{38})" grammar="'00110000' filter '101' companyprefix itemref serial" >
				<field seq="1" decimalMinimum="0" decimalMaximum="7" characterSet="[01]*" bitLength="3" length="1" padChar="0" padDir="LEFT" name="filter"/>
				<field seq="2" decimalMinimum="0" decimalMaximum="9999999" characterSet="[01]*" bitLength="24" length="7" padChar="0" padDir="LEFT" name="companyprefix"/>
				<field seq="3" decimalMinimum="0" decimalMaximum="999999" characterSet="[01]*" bitLength="20" length="6" padChar="0" padDir="LEFT" name="itemref"/>
				<field seq="4" decimalMinimum="0" decimalMaximum="274877906943" characterSet="[01]*" bitLength="38" name="serial"/>
			</option>
			<option optionKey="6" pattern="00110000([01]{3})110([01]{20})([01]{24})([01]{38})" grammar="'00110000' filter '110' companyprefix itemref serial" >
				<field seq="1" decimalMinimum="0" decimalMaximum="7" characterSet="[01]*" bitLength="3" length="1" padChar="0" padDir="LEFT" name="filter"/>
				<field seq="2" decimalMinimum="0" decimalMaximum="999999" characterSet="[01]*" bitLength="20" length="6" padChar="0" padDir="LEFT" name="companyprefix"/>
				<field seq="3" decimalMinimum="0" decimalMaximum="9999999" characterSet="[01]*" bitLength="24" length="7" padChar="0" padDir="LEFT" name="itemref"/>
				<field seq="4" decimalMinimum="0" decimalMaximum="274877906943" characterSet="[01]*" bitLength="38" name="serial"/>
			</option>
		</level>
		<level type="TAG_ENCODING" prefixMatch="urn:epc:tag:sgtin-96" requiredFormattingParameters="filter,taglength" >
			<option optionKey="12" pattern="urn:epc:tag:sgtin-96:([0-7]{1})\.([0-9]{12})\.([0-9]{1})\.([0-9]*)" grammar="'urn:epc:tag:sgtin-96:' filter '.' companyprefix '.' itemref '.' serial" >
				<field seq="1" decimalMinimum="0" decimalMaximum="7" characterSet="[0-7]*" length="1" padChar="0" padDir="LEFT" name="filter"/>
				<field seq="2" decimalMinimum="0" decimalMaximum="999999999999" characterSet="[0-9]*" length="12" padChar="0" padDir="LEFT" name="companyprefix"/>
				<field seq="3" decimalMinimum="0" decimalMaximum="9" characterSet="[0-9]*" length="1" padChar="0" padDir="LEFT" name="itemref"/>
				<field seq="4" decimalMinimum="0" decimalMaximum="274877906943" characterSet="[0-9]*" name="serial"/>
			</option>
			<option optionKey="11" pattern="urn:epc:tag:sgtin-96:([0-7]{1})\.([0-9]{11})\.([0-9]{2})\.([0-9]*)" grammar="'urn:epc:tag:sgtin-96:' filter '.' companyprefix '.' itemref '.' serial" >
				<field seq="1" decimalMinimum="0" decimalMaximum="7" characterSet="[0-7]*" length="1" padChar="0" padDir="LEFT" name="filter"/>
				<field seq="2" decimalMinimum="0" decimalMaximum="99999999999" characterSet="[0-9]*" length="11" padChar="0" padDir="LEFT" name="companyprefix"/>
				<field seq="3" decimalMinimum="0" decimalMaximum="99" characterSet="[0-9]*" length="2" padChar="0" padDir="LEFT" name="itemref"/>
				<field seq="4" decimalMinimum="0" decimalMaximum="274877906943" characterSet="[0-9]*" name="serial"/>
			</option>
			<option optionKey="10" pattern="urn:epc:tag:sgtin-96:([0-7]{1})\.([0-9]{10})\.([0-9]{3})\.([0-9]*)" grammar="'urn:epc:tag:sgtin-96:' filter '.' companyprefix '.' itemref '.' serial" >
				<field seq="1" decimalMinimum="0" decimalMaximum="7" characterSet="[0-7]*" length="1" padChar="0" padDir="LEFT" name="filter"/>
				<field seq="2" decimalMinimum="0" decimalMaximum="9999999999" characterSet="[0-9]*" length="10" padChar="0" padDir="LEFT" name="companyprefix"/>
				<field seq="3" decimalMinimum="0" decimalMaximum="999" characterSet="[0-9]*" length="3" padChar="0" padDir="LEFT" name="itemref"/>
				<field seq="4" decimalMinimum="0" decimalMaximum="274877906943" characterSet="[0-9]*" name="serial"/>
			</option>
			<option optionKey="9" pattern="urn:epc:tag:sgtin-96:([0-7]{1})\.([0-9]{9})\.([0-9]{4})\.([0-9]*)" grammar="'urn:epc:tag:sgtin-96:' filter '.' companyprefix '.' itemref '.' serial" >
				<field seq="1" decimalMinimum="0" decimalMaximum="7" characterSet="[0-7]*" length="1" padChar="0" padDir="LEFT" name="filter"/>
				<field seq="2" decimalMinimum="0" decimalMaximum="999999999" characterSet="[0-9]*" length="9" padChar="0" padDir="LEFT" name="companyprefix"/>
				<field seq="3" decimalMinimum="0" decimalMaximum="9999" characterSet="[0-9]*" length="4" padChar="0" padDir="LEFT" name="itemref"/>
				<field seq="4" decimalMinimum="0" decimalMaximum="274877906943" characterSet="[0-9]*" name="serial"/>
			</option>
			<option optionKey="8" pattern="urn:epc:tag:sgtin-96:([0-7]{1})\.([0-9]{8})\.([0-9]{5})\.([0-9]*)" grammar="'urn:epc:tag:sgtin-96:' filter '.' companyprefix '.' itemref '.' serial" >
				<field seq="1" decimalMinimum="0" decimalMaximum="7" characterSet="[0-7]*" length="1" padChar="0" padDir="LEFT" name="filter"/>
				<field seq="2" decimalMinimum="0" decimalMaximum="99999999" characterSet="[0-9]*" length="8" padChar="0" padDir="LEFT" name="companyprefix"/>
				<field seq="3" decimalMinimum="0" decimalMaximum="99999" characterSet="[0-9]*" length="5" padChar="0" padDir="LEFT" name="itemref"/>
				<field seq="4" decimalMinimum="0" decimalMaximum="274877906943" characterSet="[0-9]*" name="serial"/>
			</option>
			<option optionKey="7" pattern="urn:epc:tag:sgtin-96:([0-7]{1})\.([0-9]{7})\.([0-9]{6})\.([0-9]*)" grammar="'urn:epc:tag:sgtin-96:' filter '.' companyprefix '.' itemref '.' serial" >
				<field seq="1" decimalMinimum="0" decimalMaximum="7" characterSet="[0-7]*" length="1" padChar="0" padDir="LEFT" name="filter"/>
				<field seq="2" decimalMinimum="0" decimalMaximum="9999999" characterSet="[0-9]*" length="7" padChar="0" padDir="LEFT" name="companyprefix"/>
				<field seq="3" decimalMinimum="0" decimalMaximum="999999" characterSet="[0-9]*" length="6" padChar="0" padDir="LEFT" name="itemref"/>
				<field seq="4" decimalMinimum="0" decimalMaximum="274877906943" characterSet="[0-9]*" name="serial"/>
			</option>
			<option optionKey="6" pattern="urn:epc:tag:sgtin-96:([0-7]{1})\.([0-9]{6})\.([0-9]{7})\.([0-9]*)" grammar="'urn:epc:tag:sgtin-96:' filter '.' companyprefix '.' itemref '.' serial" >
				<field seq="1" decimalMinimum="0" decimalMaximum="7" characterSet="[0-7]*" length="1" padChar="0" padDir="LEFT" name="filter"/>
				<field seq="2" decimalMinimum="0" decimalMaximum="999999" characterSet="[0-9]*" length="6" padChar="0" padDir="LEFT" name="companyprefix"/>
				<field seq="3" decimalMinimum="0" decimalMaximum="9999999" characterSet="[0-9]*" length="7" padChar="0" padDir="LEFT" name="itemref"/>
				<field seq="4" decimalMinimum="0" decimalMaximum="274877906943" characterSet="[0-9]*" name="serial"/>
			</option>
		</level>
		<level type="PURE_IDENTITY" prefixMatch="urn:epc:id:sgtin" >
			<option optionKey="12" pattern="urn:epc:id:sgtin:([0-9]{12})\.([0-9]{1})\.([0-9]*)" grammar="'urn:epc:id:sgtin:' companyprefix '.' itemref '.' serial" >
				<field seq="1" decimalMinimum="0" decimalMaximum="999999999999" characterSet="[0-9]*" length="12" padChar="0" padDir="LEFT" name="companyprefix"/>
				<field seq="2" decimalMinimum="0" decimalMaximum="9" characterSet="[0-9]*" length="1" padChar="0" padDir="LEFT" name="itemref"/>
				<field seq="3" decimalMinimum="0" decimalMaximum="274877906943" characterSet="[0-9]*" name="serial"/>
			</option>
			<option optionKey="11" pattern="urn:epc:id:sgtin:([0-9]{11})\.([0-9]{2})\.([0-9]*)" grammar="'urn:epc:id:sgtin:' companyprefix '.' itemref '.' serial" >
				<field seq="1" decimalMinimum="0" decimalMaximum="99999999999" characterSet="[0-9]*" length="11" padChar="0" padDir="LEFT" name="companyprefix"/>
				<field seq="2" decimalMinimum="0" decimalMaximum="99" characterSet="[0-9]*" length="2" padChar="0" padDir="LEFT" name="itemref"/>
				<field seq="3" decimalMinimum="0" decimalMaximum="274877906943" characterSet="[0-9]*" name="serial"/>
			</option>
			<option optionKey="10" pattern="urn:epc:id:sgtin:([0-9]{10})\.([0-9]{3})\.([0-9]*)" grammar="'urn:epc:id:sgtin:' companyprefix '.' itemref '.' serial" >
				<field seq="1" decimalMinimum="0" decimalMaximum="9999999999" characterSet="[0-9]*" length="10" padChar="0" padDir="LEFT" name="companyprefix"/>
				<field seq="2" decimalMinimum="0" decimalMaximum="999" characterSet="[0-9]*" length="3" padChar="0" padDir="LEFT" name="itemref"/>
				<field seq="3" decimalMinimum="0" decimalMaximum="274877906943" characterSet="[0-9]*" name="serial"/>
			</option>
			<option optionKey="9" pattern="urn:epc:id:sgtin:([0-9]{9})\.([0-9]{4})\.([0-9]*)" grammar="'urn:epc:id:sgtin:' companyprefix '.' itemref '.' serial" >
				<field seq="1" decimalMinimum="0" decimalMaximum="999999999" characterSet="[0-9]*" length="9" padChar="0" padDir="LEFT" name="companyprefix"/>
				<field seq="2" decimalMinimum="0" decimalMaximum="9999" characterSet="[0-9]*" length="4" padChar="0" padDir="LEFT" name="itemref"/>
				<field seq="3" decimalMinimum="0" decimalMaximum="274877906943" characterSet="[0-9]*" name="serial"/>
			</option>
			<option optionKey="8" pattern="urn:epc:id:sgtin:([0-9]{8})\.([0-9]{5})\.([0-9]*)" grammar="'urn:epc:id:sgtin:' companyprefix '.' itemref '.' serial" >
				<field seq="1" decimalMinimum="0" decimalMaximum="99999999" characterSet="[0-9]*" length="8" padChar="0" padDir="LEFT" name="companyprefix"/>
				<field seq="2" decimalMinimum="0" decimalMaximum="99999" characterSet="[0-9]*" length="5" padChar="0" padDir="LEFT" name="itemref"/>
				<field seq="3" decimalMinimum="0" decimalMaximum="274877906943" characterSet="[0-9]*" name="serial"/>
			</option>
			<option optionKey="7" pattern="urn:epc:id:sgtin:([0-9]{7})\.([0-9]{6})\.([0-9]*)" grammar="'urn:epc:id:sgtin:' companyprefix '.' itemref '.' serial" >
				<field seq="1" decimalMinimum="0" decimalMaximum="9999999" characterSet="[0-9]*" length="7" padChar="0" padDir="LEFT" name="companyprefix"/>
				<field seq="2" decimalMinimum="0" decimalMaximum="999999" characterSet="[0-9]*" length="6" padChar="0" padDir="LEFT" name="itemref"/>
				<field seq="3" decimalMinimum="0" decimalMaximum="274877906943" characterSet="[0-9]*" name="serial"/>
			</option>
			<option optionKey="6" pattern="urn:epc:id:sgtin:([0-9]{6})\.([0-9]{7})\.([0-9]*)" grammar="'urn:epc:id:sgtin:' companyprefix '.' itemref '.' serial" >
				<field seq="1" decimalMinimum="0" decimalMaximum="999999" characterSet="[0-9]*" length="6" padChar="0" padDir="LEFT" name="companyprefix"/>
				<field seq="2" decimalMinimum="0" decimalMaximum="9999999" characterSet="[0-9]*" length="7" padChar="0" padDir="LEFT" name="itemref"/>
				<field seq="3" decimalMinimum="0" decimalMaximum="274877906943" characterSet="[0-9]*" name="serial"/>
			</option>
		</level>
		<level type="LEGACY" prefixMatch="gtin=" requiredParsingParameters="companyprefixlength" >
			<option optionKey="12" pattern="gtin=([0-9]{14});serial=([0-9]*)" grammar="'gtin=' indicatordigit companyprefix itemrefremainder checkdigit ';serial=' serial" >
				<field seq="1" decimalMinimum="0" decimalMaximum="99999999999999" characterSet="[0-9]*" length="14" padChar="0" padDir="LEFT" name="gtin"/>
				<field seq="2" decimalMinimum="0" decimalMaximum="274877906943" characterSet="[0-9]*" name="serial"/>
			</option>
			<option optionKey="11" pattern="gtin=([0-9]{14});serial=([0-9]*)" grammar="'gtin=' indicatordigit companyprefix itemrefremainder checkdigit ';serial=' serial" >
				<field seq="1" decimalMinimum="0" decimalMaximum="99999999999999" characterSet="[0-9]*" length="14" padChar="0" padDir="LEFT" name="gtin"/>
				<field seq="2" decimalMinimum="0" decimalMaximum="274877906943" characterSet="[0-9]*" name="serial"/>
			</option>
			<option optionKey="10" pattern="gtin=([0-9]{14});serial=([0-9]*)" grammar="'gtin=' indicatordigit companyprefix itemrefremainder checkdigit ';serial=' serial" >
				<field seq="1" decimalMinimum="0" decimalMaximum="99999999999999" characterSet="[0-9]*" length="14" padChar="0" padDir="LEFT" name="gtin"/>
				<field seq="2" decimalMinimum="0" decimalMaximum="274877906943" characterSet="[0-9]*" name="serial"/>
			</option>
			<option optionKey="9" pattern="gtin=([0-9]{14});serial=([0-9]*)" grammar="'gtin=' indicatordigit companyprefix itemrefremainder checkdigit ';serial=' serial" >
				<field seq="1" decimalMinimum="0" decimalMaximum="99999999999999" characterSet="[0-9]*" length="14" padChar="0" padDir="LEFT" name="gtin"/>
				<field seq="2" decimalMinimum="0" decimalMaximum="274877906943" characterSet="[0-9]*" name="serial"/>
			</option>
			<option optionKey="8" pattern="gtin=([0-9]{14});serial=([0-9]*)" grammar="'gtin=' indicatordigit companyprefix itemrefremainder checkdigit ';serial=' serial" >
				<field seq="1" decimalMinimum="0" decimalMaximum="99999999999999" characterSet="[0-9]*" length="14" padChar="0" padDir="LEFT" name="gtin"/>
				<field seq="2" decimalMinimum="0" decimalMaximum="274877906943" characterSet="[0-9]*" name="serial"/>
			</option>
			<option optionKey="7" pattern="gtin=([0-9]{14});serial=([0-9]*)" grammar="'gtin=' indicatordigit companyprefix itemrefremainder checkdigit ';serial=' serial" >
				<field seq="1" decimalMinimum="0" decimalMaximum="99999999999999" characterSet="[0-9]*" length="14" padChar="0" padDir="LEFT" name="gtin"/>
				<field seq="2" decimalMinimum="0" decimalMaximum="274877906943" characterSet="[0-9]*" name="serial"/>
			</option>
			<option optionKey="6" pattern="gtin=([0-9]{14});serial=([0-9]*)" grammar="'gtin=' indicatordigit companyprefix itemrefremainder checkdigit ';serial=' serial" >
				<field seq="1" decimalMinimum="0" decimalMaximum="99999999999999" characterSet="[0-9]*" length="14" padChar="0" padDir="LEFT" name="gtin"/>
				<field seq="2" decimalMinimum="0" decimalMaximum="274877906943" characterSet="[0-9]*" name="serial"/>
			</option>
			<rule type="EXTRACT" inputFormat="STRING" seq="1" newFieldName="gtinprefixremainder" characterSet="[0-9]*" length="12" function="SUBSTR(gtin,1,12)"/>
			<rule type="EXTRACT" inputFormat="STRING" seq="2" newFieldName="indicatordigit" characterSet="[0-9]*" length="1" function="SUBSTR(gtin,0,1)"/>
			<rule type="EXTRACT" inputFormat="STRING" seq="3" newFieldName="itemrefremainder" characterSet="[0-9]*" function="SUBSTR(gtinprefixremainder,companyprefixlength)"/>
			<rule type="EXTRACT" inputFormat="STRING" seq="4" newFieldName="itemref" characterSet="[0-9]*" function="CONCAT(indicatordigit,itemrefremainder)"/>
			<rule type="EXTRACT" inputFormat="STRING" seq="5" newFieldName="companyprefix" characterSet="[0-9]*" function="SUBSTR(gtinprefixremainder,0,companyprefixlength)"/>
			<rule type="FORMAT" inputFormat="STRING" seq="1" newFieldName="indicatordigit" characterSet="[0-9]*" length="1" function="SUBSTR(itemref,0,1)"/>
			<rule type="FORMAT" inputFormat="STRING" seq="2" newFieldName="itemrefremainder" characterSet="[0-9]*" function="SUBSTR(itemref,1)"/>
			<rule type="FORMAT" inputFormat="STRING" seq="3" newFieldName="gtinprefix" characterSet="[0-9]*" length="13" function="CONCAT(indicatordigit,companyprefix,itemrefremainder)"/>
			<rule type="FORMAT" inputFormat="STRING" seq="4" newFieldName="checkdigit" characterSet="[0-9]*" length="1" function="GS1CHECKSUM(gtinprefix)"/>
		</level>
		<level type="ONS_HOSTNAME" >
			<option optionKey="12" grammar="itemref '.' companyprefix '.sgtin.id.onsepc.com'" >
				<field seq="1" decimalMinimum="0" decimalMaximum="9" characterSet="[0-9]*" length="1" padChar="0" padDir="LEFT" name="itemref"/>
				<field seq="2" decimalMinimum="0" decimalMaximum="999999999999" characterSet="[0-9]*" length="12" padChar="0" padDir="LEFT" name="companyprefix"/>
			</option>
			<option optionKey="11" grammar="itemref '.' companyprefix '.sgtin.id.onsepc.com'" >
				<field seq="1" decimalMinimum="0" decimalMaximum="99" characterSet="[0-9]*" length="2" padChar="0" padDir="LEFT" name="itemref"/>
				<field seq="2" decimalMinimum="0" decimalMaximum="99999999999" characterSet="[0-9]*" length="11" padChar="0" padDir="LEFT" name="companyprefix"/>
			</option>
			<option optionKey="10" grammar="itemref '.' companyprefix '.sgtin.id.onsepc.com'" >
				<field seq="1" decimalMinimum="0" decimalMaximum="999" characterSet="[0-9]*" length="3" padChar="0" padDir="LEFT" name="itemref"/>
				<field seq="2" decimalMinimum="0" decimalMaximum="9999999999" characterSet="[0-9]*" length="10" padChar="0" padDir="LEFT" name="companyprefix"/>
			</option>
			<option optionKey="9" grammar="itemref '.' companyprefix '.sgtin.id.onsepc.com'" >
				<field seq="1" decimalMinimum="0" decimalMaximum="9999" characterSet="[0-9]*" length="4" padChar="0" padDir="LEFT" name="itemref"/>
				<field seq="2" decimalMinimum="0" decimalMaximum="999999999" characterSet="[0-9]*" length="9" padChar="0" padDir="LEFT" name="companyprefix"/>
			</option>
			<option optionKey="8" grammar="itemref '.' companyprefix '.sgtin.id.onsepc.com'" >
				<field seq="1" decimalMinimum="0" decimalMaximum="99999" characterSet="[0-9]*" length="5" padChar="0" padDir="LEFT" name="itemref"/>
				<field seq="2" decimalMinimum="0" decimalMaximum="99999999" characterSet="[0-9]*" length="8" padChar="0" padDir="LEFT" name="companyprefix"/>
			</option>
			<option optionKey="7" grammar="itemref '.' companyprefix '.sgtin.id.onsepc.com'" >
				<field seq="1" decimalMinimum="0" decimalMaximum="999999" characterSet="[0-9]*" length="6" padChar="0" padDir="LEFT" name="itemref"/>
				<field seq="2" decimalMinimum="0" decimalMaximum="9999999" characterSet="[0-9]*" length="7" padChar="0" padDir="LEFT" name="companyprefix"/>
			</option>
			<option optionKey="6" grammar="itemref '.' companyprefix '.sgtin.id.onsepc.com'" >
				<field seq="1" decimalMinimum="0" decimalMaximum="9999999" characterSet="[0-9]*" length="7" padChar="0" padDir="LEFT" name="itemref"/>
				<field seq="2" decimalMinimum="0" decimalMaximum="999999" characterSet="[0-9]*" length="6" padChar="0" padDir="LEFT" name="companyprefix"/>
			</option>
		</level>
	</scheme>
</tdt:epcTagDataTranslation>
