<?xml version="1.0" encoding="UTF-8"?>
<tdt:epcTagDataTranslation version="0.06" date="2005-12-01T15:30:00Z" epcTDSVersion="1.1r1.27" xmlns:tdt="urn:epcglobal:tdt:xsd:1" xmlns:xsi="http://www.w3.org/2001/XMLSchema-instance" xsi:schemaLocation="urn:epcglobal:tdt:xsd:1 EpcTagDataTranslation.xsd">
	<scheme name="SSCC-96" optionKey="companyprefixlength" tagLength="96">
		<level type="BINARY" prefixMatch="00110001" requiredFormattingParameters="filter,taglength" >
			<option optionKey="12" pattern="00110001([01]{3})000([01]{40})([01]{18})000000000000000000000000" grammar="'00110001' filter '000' companyprefix serialref '000000000000000000000000'" >
				<field seq="1" decimalMinimum="0" decimalMaximum="7" characterSet="[01]*" bitLength="3" length="1" padChar="0" padDir="LEFT" name="filter"/>
				<field seq="2" decimalMinimum="0" decimalMaximum="999999999999" characterSet="[01]*" bitLength="40" length="12" padChar="0" padDir="LEFT" name="companyprefix"/>
				<field seq="3" decimalMinimum="0" decimalMaximum="99999" characterSet="[01]*" bitLength="18" length="5" padChar="0" padDir="LEFT" name="serialref"/>
			</option>
			<option optionKey="11" pattern="00110001([01]{3})001([01]{37})([01]{21})000000000000000000000000" grammar="'00110001' filter '001' companyprefix serialref '000000000000000000000000'" >
				<field seq="1" decimalMinimum="0" decimalMaximum="7" characterSet="[01]*" bitLength="3" length="1" padChar="0" padDir="LEFT" name="filter"/>
				<field seq="2" decimalMinimum="0" decimalMaximum="99999999999" characterSet="[01]*" bitLength="37" length="11" padChar="0" padDir="LEFT" name="companyprefix"/>
				<field seq="3" decimalMinimum="0" decimalMaximum="999999" characterSet="[01]*" bitLength="21" length="6" padChar="0" padDir="LEFT" name="serialref"/>
			</option>
			<option optionKey="10" pattern="00110001([01]{3})010([01]{34})([01]{24})000000000000000000000000" grammar="'00110001' filter '010' companyprefix serialref '000000000000000000000000'" >
				<field seq="1" decimalMinimum="0" decimalMaximum="7" characterSet="[01]*" bitLength="3" length="1" padChar="0" padDir="LEFT" name="filter"/>
				<field seq="2" decimalMinimum="0" decimalMaximum="9999999999" characterSet="[01]*" bitLength="34" length="10" padChar="0" padDir="LEFT" name="companyprefix"/>
				<field seq="3" decimalMinimum="0" decimalMaximum="9999999" characterSet="[01]*" bitLength="24" length="7" padChar="0" padDir="LEFT" name="serialref"/>
			</option>
			<option optionKey="9" pattern="00110001([01]{3})011([01]{30})([01]{28})000000000000000000000000" grammar="'00110001' filter '011' companyprefix serialref '000000000000000000000000'" >
				<field seq="1" decimalMinimum="0" decimalMaximum="7" characterSet="[01]*" bitLength="3" length="1" padChar="0" padDir="LEFT" name="filter"/>
				<field seq="2" decimalMinimum="0" decimalMaximum="999999999" characterSet="[01]*" bitLength="30" length="9" padChar="0" padDir="LEFT" name="companyprefix"/>
				<field seq="3" decimalMinimum="0" decimalMaximum="99999999" characterSet="[01]*" bitLength="28" length="8" padChar="0" padDir="LEFT" name="serialref"/>
			</option>
			<option optionKey="8" pattern="00110001([01]{3})100([01]{27})([01]{31})000000000000000000000000" grammar="'00110001' filter '100' companyprefix serialref '000000000000000000000000'" >
				<field seq="1" decimalMinimum="0" decimalMaximum="7" characterSet="[01]*" bitLength="3" length="1" padChar="0" padDir="LEFT" name="filter"/>
				<field seq="2" decimalMinimum="0" decimalMaximum="99999999" characterSet="[01]*" bitLength="27" length="8" padChar="0" padDir="LEFT" name="companyprefix"/>
				<field seq="3" decimalMinimum="0" decimalMaximum="999999999" characterSet="[01]*" bitLength="31" length="9" padChar="0" padDir="LEFT" name="serialref"/>
			</option>
			<option optionKey="7" pattern="00110001([01]{3})101([01]{24})([01]{34})000000000000000000000000" grammar="'00110001' filter '101' companyprefix serialref '000000000000000000000000'" >
				<field seq="1" decimalMinimum="0" decimalMaximum="7" characterSet="[01]*" bitLength="3" length="1" padChar="0" padDir="LEFT" name="filter"/>
				<field seq="2" decimalMinimum="0" decimalMaximum="9999999" characterSet="[01]*" bitLength="24" length="7" padChar="0" padDir="LEFT" name="companyprefix"/>
				<field seq="3" decimalMinimum="0" decimalMaximum="9999999999" characterSet="[01]*" bitLength="34" length="10" padChar="0" padDir="LEFT" name="serialref"/>
			</option>
			<option optionKey="6" pattern="00110001([01]{3})110([01]{20})([01]{38})000000000000000000000000" grammar="'00110001' filter '110' companyprefix serialref '000000000000000000000000'" >
				<field seq="1" decimalMinimum="0" decimalMaximum="7" characterSet="[01]*" bitLength="3" length="1" padChar="0" padDir="LEFT" name="filter"/>
				<field seq="2" decimalMinimum="0" decimalMaximum="999999" characterSet="[01]*" bitLength="20" length="6" padChar="0" padDir="LEFT" name="companyprefix"/>
				<field seq="3" decimalMinimum="0" decimalMaximum="99999999999" characterSet="[01]*" bitLength="38" length="11" padChar="0" padDir="LEFT" name="serialref"/>
			</option>
		</level>
		<level type="TAG_ENCODING" prefixMatch="urn:epc:tag:sscc-96" requiredFormattingParameters="filter,taglength" >
			<option optionKey="12" pattern="urn:epc:tag:sscc-96:([0-7]{1})\.([0-9]{12})\.([0-9]{5})" grammar="'urn:epc:tag:sscc-96:' filter '.' companyprefix '.' serialref" >
				<field seq="1" decimalMinimum="0" decimalMaximum="7" characterSet="[0-7]*" length="1" padChar="0" padDir="LEFT" name="filter"/>
				<field seq="2" decimalMinimum="0" decimalMaximum="999999999999" characterSet="[0-9]*" length="12" padChar="0" padDir="LEFT" name="companyprefix"/>
				<field seq="3" decimalMinimum="0" decimalMaximum="99999" characterSet="[0-9]*" length="5" padChar="0" padDir="LEFT" name="serialref"/>
			</option>
			<option optionKey="11" pattern="urn:epc:tag:sscc-96:([0-7]{1})\.([0-9]{11})\.([0-9]{6})" grammar="'urn:epc:tag:sscc-96:' filter '.' companyprefix '.' serialref" >
				<field seq="1" decimalMinimum="0" decimalMaximum="7" characterSet="[0-7]*" length="1" padChar="0" padDir="LEFT" name="filter"/>
				<field seq="2" decimalMinimum="0" decimalMaximum="99999999999" characterSet="[0-9]*" length="11" padChar="0" padDir="LEFT" name="companyprefix"/>
				<field seq="3" decimalMinimum="0" decimalMaximum="999999" characterSet="[0-9]*" length="6" padChar="0" padDir="LEFT" name="serialref"/>
			</option>
			<option optionKey="10" pattern="urn:epc:tag:sscc-96:([0-7]{1})\.([0-9]{10})\.([0-9]{7})" grammar="'urn:epc:tag:sscc-96:' filter '.' companyprefix '.' serialref" >
				<field seq="1" decimalMinimum="0" decimalMaximum="7" characterSet="[0-7]*" length="1" padChar="0" padDir="LEFT" name="filter"/>
				<field seq="2" decimalMinimum="0" decimalMaximum="9999999999" characterSet="[0-9]*" length="10" padChar="0" padDir="LEFT" name="companyprefix"/>
				<field seq="3" decimalMinimum="0" decimalMaximum="9999999" characterSet="[0-9]*" length="7" padChar="0" padDir="LEFT" name="serialref"/>
			</option>
			<option optionKey="9" pattern="urn:epc:tag:sscc-96:([0-7]{1})\.([0-9]{9})\.([0-9]{8})" grammar="'urn:epc:tag:sscc-96:' filter '.' companyprefix '.' serialref" >
				<field seq="1" decimalMinimum="0" decimalMaximum="7" characterSet="[0-7]*" length="1" padChar="0" padDir="LEFT" name="filter"/>
				<field seq="2" decimalMinimum="0" decimalMaximum="999999999" characterSet="[0-9]*" length="9" padChar="0" padDir="LEFT" name="companyprefix"/>
				<field seq="3" decimalMinimum="0" decimalMaximum="99999999" characterSet="[0-9]*" length="8" padChar="0" padDir="LEFT" name="serialref"/>
			</option>
			<option optionKey="8" pattern="urn:epc:tag:sscc-96:([0-7]{1})\.([0-9]{8})\.([0-9]{9})" grammar="'urn:epc:tag:sscc-96:' filter '.' companyprefix '.' serialref" >
				<field seq="1" decimalMinimum="0" decimalMaximum="7" characterSet="[0-7]*" length="1" padChar="0" padDir="LEFT" name="filter"/>
				<field seq="2" decimalMinimum="0" decimalMaximum="99999999" characterSet="[0-9]*" length="8" padChar="0" padDir="LEFT" name="companyprefix"/>
				<field seq="3" decimalMinimum="0" decimalMaximum="999999999" characterSet="[0-9]*" length="9" padChar="0" padDir="LEFT" name="serialref"/>
			</option>
			<option optionKey="7" pattern="urn:epc:tag:sscc-96:([0-7]{1})\.([0-9]{7})\.([0-9]{10})" grammar="'urn:epc:tag:sscc-96:' filter '.' companyprefix '.' serialref" >
				<field seq="1" decimalMinimum="0" decimalMaximum="7" characterSet="[0-7]*" length="1" padChar="0" padDir="LEFT" name="filter"/>
				<field seq="2" decimalMinimum="0" decimalMaximum="9999999" characterSet="[0-9]*" length="7" padChar="0" padDir="LEFT" name="companyprefix"/>
				<field seq="3" decimalMinimum="0" decimalMaximum="9999999999" characterSet="[0-9]*" length="10" padChar="0" padDir="LEFT" name="serialref"/>
			</option>
			<option optionKey="6" pattern="urn:epc:tag:sscc-96:([0-7]{1})\.([0-9]{6})\.([0-9]{11})" grammar="'urn:epc:tag:sscc-96:' filter '.' companyprefix '.' serialref" >
				<field seq="1" decimalMinimum="0" decimalMaximum="7" characterSet="[0-7]*" length="1" padChar="0" padDir="LEFT" name="filter"/>
				<field seq="2" decimalMinimum="0" decimalMaximum="999999" characterSet="[0-9]*" length="6" padChar="0" padDir="LEFT" name="companyprefix"/>
				<field seq="3" decimalMinimum="0" decimalMaximum="99999999999" characterSet="[0-9]*" length="11" padChar="0" padDir="LEFT" name="serialref"/>
			</option>
		</level>
		<level type="PURE_IDENTITY" prefixMatch="urn:epc:id:sscc" >
			<option optionKey="12" pattern="urn:epc:id:sscc:([0-9]{12})\.([0-9]{5})" grammar="'urn:epc:id:sscc:' companyprefix '.' serialref" >
				<field seq="1" decimalMinimum="0" decimalMaximum="999999999999" characterSet="[0-9]*" length="12" padChar="0" padDir="LEFT" name="companyprefix"/>
				<field seq="2" decimalMinimum="0" decimalMaximum="99999" characterSet="[0-9]*" length="5" padChar="0" padDir="LEFT" name="serialref"/>
			</option>
			<option optionKey="11" pattern="urn:epc:id:sscc:([0-9]{11})\.([0-9]{6})" grammar="'urn:epc:id:sscc:' companyprefix '.' serialref" >
				<field seq="1" decimalMinimum="0" decimalMaximum="99999999999" characterSet="[0-9]*" length="11" padChar="0" padDir="LEFT" name="companyprefix"/>
				<field seq="2" decimalMinimum="0" decimalMaximum="999999" characterSet="[0-9]*" length="6" padChar="0" padDir="LEFT" name="serialref"/>
			</option>
			<option optionKey="10" pattern="urn:epc:id:sscc:([0-9]{10})\.([0-9]{7})" grammar="'urn:epc:id:sscc:' companyprefix '.' serialref" >
				<field seq="1" decimalMinimum="0" decimalMaximum="9999999999" characterSet="[0-9]*" length="10" padChar="0" padDir="LEFT" name="companyprefix"/>
				<field seq="2" decimalMinimum="0" decimalMaximum="9999999" characterSet="[0-9]*" length="7" padChar="0" padDir="LEFT" name="serialref"/>
			</option>
			<option optionKey="9" pattern="urn:epc:id:sscc:([0-9]{9})\.([0-9]{8})" grammar="'urn:epc:id:sscc:' companyprefix '.' serialref" >
				<field seq="1" decimalMinimum="0" decimalMaximum="999999999" characterSet="[0-9]*" length="9" padChar="0" padDir="LEFT" name="companyprefix"/>
				<field seq="2" decimalMinimum="0" decimalMaximum="99999999" characterSet="[0-9]*" length="8" padChar="0" padDir="LEFT" name="serialref"/>
			</option>
			<option optionKey="8" pattern="urn:epc:id:sscc:([0-9]{8})\.([0-9]{9})" grammar="'urn:epc:id:sscc:' companyprefix '.' serialref" >
				<field seq="1" decimalMinimum="0" decimalMaximum="99999999" characterSet="[0-9]*" length="8" padChar="0" padDir="LEFT" name="companyprefix"/>
				<field seq="2" decimalMinimum="0" decimalMaximum="999999999" characterSet="[0-9]*" length="9" padChar="0" padDir="LEFT" name="serialref"/>
			</option>
			<option optionKey="7" pattern="urn:epc:id:sscc:([0-9]{7})\.([0-9]{10})" grammar="'urn:epc:id:sscc:' companyprefix '.' serialref" >
				<field seq="1" decimalMinimum="0" decimalMaximum="9999999" characterSet="[0-9]*" length="7" padChar="0" padDir="LEFT" name="companyprefix"/>
				<field seq="2" decimalMinimum="0" decimalMaximum="9999999999" characterSet="[0-9]*" length="10" padChar="0" padDir="LEFT" name="serialref"/>
			</option>
			<option optionKey="6" pattern="urn:epc:id:sscc:([0-9]{6})\.([0-9]{11})" grammar="'urn:epc:id:sscc:' companyprefix '.' serialref" >
				<field seq="1" decimalMinimum="0" decimalMaximum="999999" characterSet="[0-9]*" length="6" padChar="0" padDir="LEFT" name="companyprefix"/>
				<field seq="2" decimalMinimum="0" decimalMaximum="99999999999" characterSet="[0-9]*" length="11" padChar="0" padDir="LEFT" name="serialref"/>
			</option>
		</level>
		<level type="LEGACY" prefixMatch="sscc=" requiredParsingParameters="companyprefixlength" >
			<option optionKey="12" pattern="sscc=([0-9]{18})" grammar="'sscc=' extensiondigit companyprefix serialrefremainder checkdigit" >
				<field seq="1" decimalMinimum="0" decimalMaximum="999999999999999999" characterSet="[0-9]*" length="18" padChar="0" padDir="LEFT" name="sscc"/>
			</option>
			<option optionKey="11" pattern="sscc=([0-9]{18})" grammar="'sscc=' extensiondigit companyprefix serialrefremainder checkdigit" >
				<field seq="1" decimalMinimum="0" decimalMaximum="999999999999999999" characterSet="[0-9]*" length="18" padChar="0" padDir="LEFT" name="sscc"/>
			</option>
			<option optionKey="10" pattern="sscc=([0-9]{18})" grammar="'sscc=' extensiondigit companyprefix serialrefremainder checkdigit" >
				<field seq="1" decimalMinimum="0" decimalMaximum="999999999999999999" characterSet="[0-9]*" length="18" padChar="0" padDir="LEFT" name="sscc"/>
			</option>
			<option optionKey="9" pattern="sscc=([0-9]{18})" grammar="'sscc=' extensiondigit companyprefix serialrefremainder checkdigit" >
				<field seq="1" decimalMinimum="0" decimalMaximum="999999999999999999" characterSet="[0-9]*" length="18" padChar="0" padDir="LEFT" name="sscc"/>
			</option>
			<option optionKey="8" pattern="sscc=([0-9]{18})" grammar="'sscc=' extensiondigit companyprefix serialrefremainder checkdigit" >
				<field seq="1" decimalMinimum="0" decimalMaximum="999999999999999999" characterSet="[0-9]*" length="18" padChar="0" padDir="LEFT" name="sscc"/>
			</option>
			<option optionKey="7" pattern="sscc=([0-9]{18})" grammar="'sscc=' extensiondigit companyprefix serialrefremainder checkdigit" >
				<field seq="1" decimalMinimum="0" decimalMaximum="999999999999999999" characterSet="[0-9]*" length="18" padChar="0" padDir="LEFT" name="sscc"/>
			</option>
			<option optionKey="6" pattern="sscc=([0-9]{18})" grammar="'sscc=' extensiondigit companyprefix serialrefremainder checkdigit" >
				<field seq="1" decimalMinimum="0" decimalMaximum="999999999999999999" characterSet="[0-9]*" length="18" padChar="0" padDir="LEFT" name="sscc"/>
			</option>
			<rule type="EXTRACT" inputFormat="STRING" seq="1" newFieldName="ssccprefixremainder" characterSet="[0-9]*" length="16" function="SUBSTR(sscc,1,16)"/>
			<rule type="EXTRACT" inputFormat="STRING" seq="2" newFieldName="extensiondigit" characterSet="[0-9]*" length="1" function="SUBSTR(sscc,0,1)"/>
			<rule type="EXTRACT" inputFormat="STRING" seq="3" newFieldName="serialrefremainder" characterSet="[0-9]*" function="SUBSTR(ssccprefixremainder,companyprefixlength)"/>
			<rule type="EXTRACT" inputFormat="STRING" seq="4" newFieldName="serialref" characterSet="[0-9]*" function="CONCAT(extensiondigit,serialrefremainder)"/>
			<rule type="EXTRACT" inputFormat="STRING" seq="5" newFieldName="companyprefix" characterSet="[0-9]*" function="SUBSTR(ssccprefixremainder,0,companyprefixlength)"/>
			<rule type="FORMAT" inputFormat="STRING" seq="1" newFieldName="extensiondigit" characterSet="[0-9]*" length="1" function="SUBSTR(serialref,0,1)"/>
			<rule type="FORMAT" inputFormat="STRING" seq="2" newFieldName="serialrefremainder" characterSet="[0-9]*" function="SUBSTR(serialref,1)"/>
			<rule type="FORMAT" inputFormat="STRING" seq="3" newFieldName="ssccprefix" characterSet="[0-9]*" length="17" function="CONCAT(extensiondigit,companyprefix,serialrefremainder)"/>
			<rule type="FORMAT" inputFormat="STRING" seq="4" newFieldName="checkdigit" characterSet="[0-9]*" length="1" function="GS1CHECKSUM(ssccprefix)"/>
		</level>
	</scheme>
</tdt:epcTagDataTranslation>
