<GEPC64Table date="2005-11-21T08:47:18-05:00">
<entry index="1" companyPrefix="0037000"/>
<entry index="2" companyPrefix="0047400"/>
<entry index="3" companyPrefix="0080878"/>
<entry index="4" companyPrefix="038004"/>
<entry index="5" companyPrefix="0036000"/>
<entry index="6" companyPrefix="0681131"/>
<entry index="7" companyPrefix="0808736"/>
<entry index="8" companyPrefix="0054000"/>
<entry index="9" companyPrefix="0061143"/>
<entry index="10" companyPrefix="4006297"/>
<entry index="11" companyPrefix="4006635"/>
<entry index="12" companyPrefix="5000132"/>
<entry index="13" companyPrefix="5001008"/>
<entry index="14" companyPrefix="8801166"/>
<entry index="15" companyPrefix="0068305"/>
<entry index="16" companyPrefix="0016000"/>
<entry index="17" companyPrefix="0078742"/>
<entry index="18" companyPrefix="0605388"/>
<entry index="19" companyPrefix="0029000"/>
<entry index="20" companyPrefix="0013130"/>
<entry index="21" companyPrefix="0044000"/>
<entry index="22" companyPrefix="5413149"/>
<entry index="23" companyPrefix="4015400"/>
<entry index="24" companyPrefix="0038675"/>
<entry index="25" companyPrefix="0073257"/>
<entry index="26" companyPrefix="0044710"/>
<entry index="27" companyPrefix="20272027"/>
<entry index="28" companyPrefix="0030400"/>
<entry index="29" companyPrefix="0042000"/>
<entry index="30" companyPrefix="0073310"/>
<entry index="31" companyPrefix="0085239"/>
<entry index="32" companyPrefix="0011120"/>
<entry index="33" companyPrefix="0353265"/>
<entry index="34" companyPrefix="0070030"/>
<entry index="35" companyPrefix="0364365"/>
<entry index="36" companyPrefix="0077661"/>
<entry index="37" companyPrefix="8901296"/>
<entry index="38" companyPrefix="0027000"/>
<entry index="39" companyPrefix="0051500"/>
<entry index="40" companyPrefix="0075338"/>
<entry index="41" companyPrefix="0044500"/>
<entry index="42" companyPrefix="0071068"/>
<entry index="43" companyPrefix="4017587"/>
<entry index="44" companyPrefix="0030000"/>
<entry index="45" companyPrefix="0052000"/>
<entry index="46" companyPrefix="0048500"/>
<entry index="47" companyPrefix="0027045"/>
<entry index="48" companyPrefix="0076501"/>
<entry index="49" companyPrefix="0080000"/>
<entry index="50" companyPrefix="0024600"/>
<entry index="51" companyPrefix="0074108"/>
<entry index="52" companyPrefix="0090649"/>
<entry index="53" companyPrefix="0019200"/>
<entry index="54" companyPrefix="0041500"/>
<entry index="55" companyPrefix="0051700"/>
<entry index="56" companyPrefix="0041100"/>
<entry index="57" companyPrefix="0011017"/>
<entry index="58" companyPrefix="0311017"/>
<entry index="59" companyPrefix="030085"/>
<entry index="60" companyPrefix="0761553"/>
<entry index="61" companyPrefix="0073420"/>
<entry index="62" companyPrefix="0034000"/>
<entry index="63" companyPrefix="0034502"/>
<entry index="64" companyPrefix="0051071"/>
<entry index="65" companyPrefix="0041000"/>
<entry index="66" companyPrefix="0041790"/>
<entry index="67" companyPrefix="0032247"/>
<entry index="68" companyPrefix="0071279"/>
<entry index="69" companyPrefix="0041771"/>
<entry index="70" companyPrefix="0041778"/>
<entry index="71" companyPrefix="0027426"/>
<entry index="72" companyPrefix="4973934"/>
<entry index="73" companyPrefix="0021200"/>
<entry index="74" companyPrefix="0070010"/>
<entry index="75" companyPrefix="0028000"/>
<entry index="76" companyPrefix="0039000"/>
<entry index="77" companyPrefix="0050000"/>
<entry index="78" companyPrefix="0017800"/>
<entry index="79" companyPrefix="0070640"/>
<entry index="80" companyPrefix="4035147"/>
<entry index="81" companyPrefix="0017082"/>
<entry index="82" companyPrefix="0076753"/>
<entry index="83" companyPrefix="4000400"/>
<entry index="84" companyPrefix="0039800"/>
<entry index="85" companyPrefix="08410580"/>
<entry index="86" companyPrefix="0027918"/>
<entry index="87" companyPrefix="0044237"/>
<entry index="88" companyPrefix="0048011"/>
<entry index="89" companyPrefix="0051111"/>
<entry index="90" companyPrefix="0051115"/>
<entry index="91" companyPrefix="0051125"/>
<entry index="92" companyPrefix="0051131"/>
<entry index="93" companyPrefix="0051135"/>
<entry index="94" companyPrefix="0051144"/>
<entry index="95" companyPrefix="0054007"/>
<entry index="96" companyPrefix="0079996"/>
<entry index="97" companyPrefix="0053200"/>
<entry index="98" companyPrefix="0039208"/>
<entry index="99" companyPrefix="0041554"/>
<entry index="100" companyPrefix="0071249"/>
<entry index="101" companyPrefix="0051000"/>
<entry index="102" companyPrefix="0808152"/>
<entry index="103" companyPrefix="0350458"/>
<entry index="104" companyPrefix="0037600"/>
<entry index="105" companyPrefix="0071106"/>
<entry index="106" companyPrefix="0038100"/>
<entry index="107" companyPrefix="0075353"/>
<entry index="108" companyPrefix="0079340"/>
<entry index="109" companyPrefix="0025806"/>
<entry index="110" companyPrefix="0054800"/>
<entry index="111" companyPrefix="0080225"/>
<entry index="112" companyPrefix="0323400"/>
<entry index="113" companyPrefix="0310742"/>
<entry index="114" companyPrefix="0882224"/>
<entry index="115" companyPrefix="0016500"/>
<entry index="116" companyPrefix="030024"/>
<entry index="117" companyPrefix="0025866"/>
<entry index="118" companyPrefix="0312843"/>
<entry index="119" companyPrefix="0075391"/>
<entry index="120" companyPrefix="0044600"/>
<entry index="121" companyPrefix="0026616"/>
<entry index="122" companyPrefix="0086483"/>
<entry index="123" companyPrefix="0023169"/>
<entry index="124" companyPrefix="0097783"/>
<entry index="125" companyPrefix="0019800"/>
<entry index="126" companyPrefix="0046500"/>
<entry index="127" companyPrefix="0053100"/>
<entry index="128" companyPrefix="0022592"/>
<entry index="129" companyPrefix="0068274"/>
<entry index="130" companyPrefix="0076031"/>
<entry index="131" companyPrefix="0018100"/>
<entry index="132" companyPrefix="0661526"/>
<entry index="133" companyPrefix="0730787"/>
<entry index="134" companyPrefix="0317314"/>
<entry index="135" companyPrefix="0074970"/>
<entry index="136" companyPrefix="0011134"/>
<entry index="137" companyPrefix="0014500"/>
<entry index="138" companyPrefix="0023000"/>
<entry index="139" companyPrefix="0028586"/>
<entry index="140" companyPrefix="0038897"/>
<entry index="141" companyPrefix="0041114"/>
<entry index="142" companyPrefix="0041255"/>
<entry index="143" companyPrefix="0041321"/>
<entry index="144" companyPrefix="0051100"/>
<entry index="145" companyPrefix="0735290"/>
<entry index="146" companyPrefix="0729437"/>
<entry index="147" companyPrefix="0070760"/>
<entry index="148" companyPrefix="0038000"/>
<entry index="149" companyPrefix="0093007"/>
<entry index="150" companyPrefix="0659556"/>
<entry index="151" companyPrefix="0805529"/>
<entry index="152" companyPrefix="0076657"/>
<entry index="153" companyPrefix="0030473"/>
<entry index="155" companyPrefix="0013000"/>
<entry index="156" companyPrefix="0027242"/>
<entry index="157" companyPrefix="0012547"/>
<entry index="158" companyPrefix="0073796"/>
<entry index="159" companyPrefix="0032967"/>
<entry index="160" companyPrefix="0040072"/>
<entry index="161" companyPrefix="0085452"/>
<entry index="162" companyPrefix="0086279"/>
<entry index="163" companyPrefix="0041333"/>
<entry index="164" companyPrefix="0049336"/>
<entry index="165" companyPrefix="030041"/>
<entry index="166" companyPrefix="0347400"/>
<entry index="167" companyPrefix="0752077"/>
<entry index="168" companyPrefix="0072782"/>
<entry index="169" companyPrefix="0073333"/>
<entry index="170" companyPrefix="0071709"/>
<entry index="171" companyPrefix="0761304"/>
<entry index="172" companyPrefix="0073502"/>
<entry index="173" companyPrefix="0719881"/>
<entry index="174" companyPrefix="0065513"/>
<entry index="175" companyPrefix="0069055"/>
<entry index="176" companyPrefix="0047406"/>
<entry index="177" companyPrefix="0095829"/>
<entry index="178" companyPrefix="0014900"/>
<entry index="179" companyPrefix="0045300"/>
<entry index="180" companyPrefix="0064144"/>
<entry index="181" companyPrefix="0076150"/>
<entry index="182" companyPrefix="0042437"/>
<entry index="183" companyPrefix="030766"/>
<entry index="184" companyPrefix="0353100"/>
<entry index="185" companyPrefix="0345800"/>
<entry index="186" companyPrefix="0349692"/>
<entry index="187" companyPrefix="030135"/>
<entry index="188" companyPrefix="0074684"/>
<entry index="189" companyPrefix="0311530"/>
<entry index="190" companyPrefix="0310158"/>
<entry index="191" companyPrefix="5000347"/>
<entry index="192" companyPrefix="030021"/>
<entry index="193" companyPrefix="0071549"/>
<entry index="194" companyPrefix="0726651"/>
<entry index="195" companyPrefix="0726652"/>
<entry index="196" companyPrefix="0726653"/>
<entry index="197" companyPrefix="0726654"/>
<entry index="198" companyPrefix="0726655"/>
<entry index="199" companyPrefix="0726656"/>
<entry index="200" companyPrefix="0726657"/>
<entry index="201" companyPrefix="0726658"/>
<entry index="202" companyPrefix="0604200"/>
<entry index="203" companyPrefix="0718268"/>
<entry index="204" companyPrefix="0026729"/>
<entry index="205" companyPrefix="0047741"/>
<entry index="206" companyPrefix="0689206"/>
<entry index="207" companyPrefix="0604201"/>
<entry index="208" companyPrefix="0015000"/>
<entry index="209" companyPrefix="0070382"/>
<entry index="210" companyPrefix="0030900"/>
<entry index="211" companyPrefix="0035000"/>
<entry index="212" companyPrefix="0074590"/>
<entry index="213" companyPrefix="0043396"/>
<entry index="214" companyPrefix="0711719"/>
<entry index="215" companyPrefix="0074643"/>
<entry index="216" companyPrefix="0012800"/>
<entry index="217" companyPrefix="0013258"/>
<entry index="218" companyPrefix="0013261"/>
<entry index="219" companyPrefix="0013262"/>
<entry index="220" companyPrefix="0013264"/>
<entry index="225" companyPrefix="030087"/>
<entry index="226" companyPrefix="0021000"/>
<entry index="227" companyPrefix="0043000"/>
<entry index="228" companyPrefix="0054400"/>
<entry index="229" companyPrefix="0032700"/>
<entry index="230" companyPrefix="0077039"/>
<entry index="231" companyPrefix="0031600"/>
<entry index="232" companyPrefix="0085447"/>
<entry index="233" companyPrefix="0074200"/>
<entry index="234" companyPrefix="0046029"/>
<entry index="235" companyPrefix="0043935"/>
<entry index="236" companyPrefix="0042714"/>
<entry index="237" companyPrefix="0038257"/>
<entry index="238" companyPrefix="0742466"/>
<entry index="239" companyPrefix="0727271"/>
<entry index="240" companyPrefix="0635424"/>
<entry index="241" companyPrefix="0032100"/>
<entry index="242" companyPrefix="0033700"/>
<entry index="243" companyPrefix="0053400"/>
<entry index="244" companyPrefix="0054500"/>
<entry index="245" companyPrefix="0075971"/>
<entry index="246" companyPrefix="0077900"/>
<entry index="247" companyPrefix="0090563"/>
<entry index="248" companyPrefix="0024106"/>
<entry index="249" companyPrefix="4025521"/>
<entry index="250" companyPrefix="0057791"/>
<entry index="251" companyPrefix="0065857"/>
<entry index="252" companyPrefix="030008"/>
<entry index="253" companyPrefix="0061500"/>
<entry index="254" companyPrefix="0065557"/>
<entry index="255" companyPrefix="0037988"/>
<entry index="256" companyPrefix="0077711"/>
<entry index="257" companyPrefix="0023753"/>
<entry index="258" companyPrefix="0083621"/>
<entry index="259" companyPrefix="0312547"/>
<entry index="260" companyPrefix="0097360"/>
<entry index="261" companyPrefix="030573"/>
<entry index="262" companyPrefix="0028872"/>
<entry index="263" companyPrefix="0028873"/>
<entry index="264" companyPrefix="0028874"/>
<entry index="265" companyPrefix="0028875"/>
<entry index="266" companyPrefix="0028876"/>
<entry index="267" companyPrefix="0028877"/>
<entry index="268" companyPrefix="0077013"/>
<entry index="269" companyPrefix="0850583001"/>
<entry index="270" companyPrefix="0319810"/>
<entry index="271" companyPrefix="0044069"/>
<entry index="272" companyPrefix="030521"/>
<entry index="273" companyPrefix="0074887"/>
<entry index="274" companyPrefix="0026427"/>
<entry index="275" companyPrefix="0043168"/>
<entry index="276" companyPrefix="0084691"/>
<entry index="277" companyPrefix="038137"/>
<entry index="278" companyPrefix="0088502"/>
<entry index="279" companyPrefix="0070690"/>
<entry index="280" companyPrefix="0032281"/>
<entry index="281" companyPrefix="0021400"/>
<entry index="282" companyPrefix="0071611"/>
<entry index="283" companyPrefix="0073102"/>
<entry index="284" companyPrefix="030045"/>
<entry index="285" companyPrefix="0024543"/>
<entry index="286" companyPrefix="0072821"/>
<entry index="287" companyPrefix="0042666"/>
<entry index="288" companyPrefix="0019100"/>
<entry index="289" companyPrefix="0717226"/>
<entry index="290" companyPrefix="0074182"/>
<entry index="291" companyPrefix="0019048"/>
<entry index="292" companyPrefix="0028028"/>
<entry index="293" companyPrefix="0014800"/>
<entry index="294" companyPrefix="0078000"/>
<entry index="295" companyPrefix="0041163"/>
<entry index="296" companyPrefix="0032017"/>
<entry index="297" companyPrefix="0022265"/>
<entry index="298" companyPrefix="4904550"/>
<entry index="299" companyPrefix="0054100"/>
<entry index="300" companyPrefix="0052472"/>
<entry index="301" companyPrefix="0074000"/>
<entry index="302" companyPrefix="0046034"/>
<entry index="305" companyPrefix="0662919"/>
<entry index="306" companyPrefix="083592400"/>
<entry index="307" companyPrefix="0050332"/>
<entry index="308" companyPrefix="4545350"/>
<entry index="309" companyPrefix="735078"/>
<entry index="310" companyPrefix="0650530"/>
<entry index="311" companyPrefix="030006"/>
<entry index="312" companyPrefix="8808979"/>
<entry index="313" companyPrefix="0079400"/>
<entry index="315" companyPrefix="0722776"/>
<entry index="317" companyPrefix="3660603"/>
<entry index="318" companyPrefix="0051900"/>
<entry index="319" companyPrefix="0026259"/>
<entry index="320" companyPrefix="0018208"/>
<entry index="321" companyPrefix="0708431"/>
<entry index="322" companyPrefix="4902530"/>
<entry index="323" companyPrefix="4902580"/>
<entry index="324" companyPrefix="0025215"/>
<entry index="325" companyPrefix="0076906"/>
<entry index="326" companyPrefix="0077567"/>
<entry index="328" companyPrefix="4977729"/>
<entry index="329" companyPrefix="0009532"/>
<entry index="330" companyPrefix="0031200"/>
<entry index="331" companyPrefix="0046838"/>
<entry index="332" companyPrefix="4975769"/>
</GEPC64Table>